1,1,12,4,1,0,5,0.007816039873130946
2,1,12,4,2,0,5,0.0009439661682525298
3,1,12,4,3,1,5,0.0012460353420933393
4,1,10,0,1,0,8,0.0020389669234254643
5,1,10,0,2,0,8,0.00026431052711070835
6,1,10,3,3,1,8,0.008684488747923274
7,1,11,0,1,0,2,0.004342244373961637
8,1,11,0,2,0,2,0.001170518048633137
9,1,11,0,3,1,2,0.0029074157982177918
10,1,7,0,1,0,5,0.0010572421084428334
11,1,7,0,2,0,5,0.00022655188038060717
12,1,7,3,3,1,9,0.000981724814982631
13,1,7,4,1,0,3,0.0004908624074913155
14,1,7,4,2,0,10,3.7758646730101195e-05
15,1,7,4,3,1,10,0.0010572421084428334
16,1,1,3,1,0,3,0.00018879323365050596
17,1,1,3,2,0,3,0.00011327594019030358
18,1,1,3,3,1,3,0.0006041383476816191
19,1,1,0,1,0,7,0.0006041383476816191
20,1,1,0,2,1,3,0.00015103458692040478
21,1,1,3,1,0,3,3.7758646730101195e-05
22,1,1,3,2,1,3,0.00015103458692040478
23,1,4,0,1,0,7,0.00015103458692040478
24,1,4,0,2,1,7,0.0003775864673010119
25,1,13,0,2,0,10,0.004266727080501435
26,1,13,0,3,1,10,0.0058148315964355836
27,1,5,0,1,0,10,0.0022655188038060714
28,1,5,0,2,1,10,0.0020767255701555657
29,1,4,0,1,0,2,0.00011327594019030358
30,1,4,0,2,0,2,0.00011327594019030358
31,1,4,5,3,1,2,0.00033982782057091076
32,1,4,0,1,0,7,0.00011327594019030358
33,1,4,0,2,0,7,0.00030206917384080956
34,1,4,5,3,1,7,0.0015103458692040477
35,1,18,0,2,0,6,0.0012837939888234405
36,1,18,0,3,1,6,0.0006418969944117203
37,1,10,0,1,0,3,0.005437245129134572
38,1,10,0,2,1,10,0.00570155565624528
39,1,1,18,2,0,6,0.0022277601570759704
40,1,1,18,3,1,6,0.0004908624074913155
41,1,4,3,1,0,7,0.00045310376076121433
42,1,4,3,2,0,7,0.0
43,1,12,4,1,0,2,0.002001208276695363
44,1,12,4,2,0,2,0.0006041383476816191
45,1,12,4,3,1,8,0.0010572421084428334
46,1,7,12,1,0,8,0.00026431052711070835
47,1,7,12,2,1,8,0.00033982782057091076
48,1,7,4,1,0,7,0.0003775864673010119
49,1,7,4,2,1,7,0.00015103458692040478
50,1,5,0,1,0,3,0.0006041383476816191
51,1,5,0,2,1,3,0.00033982782057091076
52,1,1,0,1,0,10,0.0012837939888234405
53,1,1,0,2,1,10,0.0006796556411418215
54,1,11,0,1,0,10,0.00664552182449781
55,1,11,0,2,1,2,0.0005286210542214167
56,1,2,0,1,0,3,0.00033982782057091076
57,1,2,0,2,0,3,0.0003775864673010119
58,1,10,0,1,0,3,0.002567587977646881
59,1,10,0,2,1,3,0.0073251774656396314
60,1,11,0,1,0,2,0.0008684488747923274
61,1,11,0,2,0,2,0.0016236218093943512
62,1,11,2,3,1,2,0.00045310376076121433
63,1,14,0,1,0,3,0.0012460353420933393
64,1,14,0,2,0,3,0.0003775864673010119
65,1,14,0,3,1,3,0.001963449629965262
66,1,2,0,1,0,4,0.00018879323365050596
67,1,2,0,2,0,4,3.7758646730101195e-05
68,1,2,0,3,1,4,0.0006418969944117203
69,1,12,4,1,0,5,0.0004908624074913155
70,1,12,4,2,0,5,0.00018879323365050596
71,1,12,4,3,1,5,0.00015103458692040478
72,1,11,4,1,0,2,0.0
73,1,11,4,2,1,2,0.00033982782057091076
74,1,6,5,1,0,3,0.00026431052711070835
75,1,6,5,2,0,3,0.00011327594019030358
76,1,6,5,3,1,3,0.0004153451140311131
77,1,10,0,1,0,10,0.0009439661682525298
78,1,10,0,2,1,10,0.0006041383476816191
79,1,11,14,1,0,6,0.0037381060262800182
80,1,11,14,2,1,6,0.001774656396314756
81,1,13,9,1,0,4,0.0009439661682525298
82,1,13,9,2,0,4,0.0004153451140311131
83,1,1,3,1,0,3,0.001925690983235161
84,1,1,3,1,0,3,0.00045310376076121433
85,1,1,3,2,1,3,0.00011327594019030358
86,1,11,0,1,0,9,7.551729346020239e-05
87,1,11,15,2,1,9,0.0003775864673010119
88,1,4,0,1,0,7,0.00022655188038060717
89,1,4,0,2,1,7,0.0010194834617127321
90,1,11,0,1,0,7,0.00026431052711070835
91,1,11,15,2,1,7,0.0004908624074913155
92,1,8,4,1,0,7,0.00026431052711070835
93,1,8,4,2,0,7,0.0018501736897749584
94,1,8,4,3,1,7,0.011138800785379852
95,1,6,5,1,0,4,0.00033982782057091076
96,1,14,0,1,0,10,0.00033982782057091076
97,1,14,0,2,1,10,0.0004908624074913155
98,1,11,0,1,0,8,0.00015103458692040478
99,1,11,0,2,1,8,0.00030206917384080956
100,1,13,0,1,0,8,0.0004153451140311131
101,1,13,0,2,1,8,0.00026431052711070835
102,1,12,14,1,0,6,0.00015103458692040478
103,1,12,14,2,1,10,0.0006796556411418215
104,1,5,0,1,0,3,0.004266727080501435
105,1,5,0,2,1,3,0.0009439661682525298
106,1,2,0,2,1,3,0.00022655188038060717
107,1,2,0,2,1,3,0.00022655188038060717
108,1,1,0,1,0,6,0.000981724814982631
109,1,4,0,1,0,7,0.00045310376076121433
110,1,4,0,2,1,7,0.0003775864673010119
111,1,5,6,1,0,4,7.551729346020239e-05
112,1,5,6,2,0,4,0.0003775864673010119
113,1,1,0,2,0,6,0.0005663797009515179
114,1,12,0,1,0,2,0.0009062075215224287
115,1,1,0,1,1,3,0.0005286210542214167
116,1,11,0,1,0,2,0.00018879323365050596
117,1,11,0,2,0,2,0.00018879323365050596
118,1,11,0,1,0,8,3.7758646730101195e-05
119,1,11,0,2,1,8,7.551729346020239e-05
120,1,11,0,1,0,3,0.00026431052711070835
121,1,11,14,2,1,7,0.0012837939888234405
122,1,14,18,2,0,6,0.0007174142878719227
123,1,7,3,1,0,5,0.0016991391028545538
124,1,15,14,2,1,8,0.0003775864673010119
125,1,13,0,2,0,10,0.0004153451140311131
126,1,10,0,2,0,8,0.0003775864673010119
127,1,7,0,1,1,3,0.00026431052711070835
128,1,1,0,1,1,3,0.00045310376076121433
129,1,11,0,1,0,8,0.001774656396314756
130,1,11,3,2,1,2,0.0020389669234254643
131,1,11,15,1,1,2,0.004342244373961637
132,1,1,0,1,1,7,0.004682072194532548
133,1,1,0,1,0,3,0.00792931581332125
134,1,11,0,2,1,2,0.003926899259930524
135,1,13,0,2,1,10,0.003889140613200423
136,1,10,0,2,1,8,0.0022277601570759704
137,1,1,0,1,0,6,0.0016991391028545538
138,1,6,11,1,0,2,0.00026431052711070835
139,1,6,11,2,1,2,7.551729346020239e-05
140,1,6,11,1,0,3,0.00033982782057091076
141,1,6,11,2,1,3,0.000981724814982631
142,1,6,3,1,1,7,0.00018879323365050596
143,1,1,0,2,1,1,0.006192418063736596
144,1,15,3,1,1,2,0.0008306902280622263
145,1,13,3,1,1,10,0.0007551729346020238
146,1,10,3,1,1,10,0.00026431052711070835
147,1,16,0,1,0,2,0.0007929315813321251
148,1,16,0,2,0,2,0.0012837939888234405
149,1,16,3,3,1,3,0.005777072949705483
150,1,14,0,1,1,7,0.002378794743996375
151,1,14,0,1,1,6,0.005550521069324876
152,2,12,0,1,0,5,0.0022655188038060714
153,2,12,0,2,0,5,0.0006418969944117203
154,2,12,0,3,1,5,0.0007551729346020238
155,2,10,0,1,0,10,0.003964657906660625
156,2,10,0,2,0,10,0.0012837939888234405
157,2,10,0,3,1,10,0.003096209031868298
158,2,11,0,1,0,2,0.0036248300860897147
159,2,11,0,2,0,2,7.551729346020239e-05
160,2,11,0,3,1,2,0.0018124150430448573
161,2,1,0,1,0,3,0.00030206917384080956
162,2,1,0,2,1,3,0.002303277450536173
163,2,1,3,1,0,3,3.7758646730101195e-05
164,2,1,3,2,1,3,0.00015103458692040478
165,2,7,3,1,0,8,7.551729346020239e-05
166,2,7,3,2,1,8,0.0004908624074913155
167,2,7,4,1,0,5,0.00022655188038060717
168,2,7,4,2,1,8,7.551729346020239e-05
169,2,4,3,3,1,7,0.0024165533907264765
170,2,11,13,1,0,2,0.0004908624074913155
171,2,11,13,2,1,2,0.0007174142878719227
172,2,13,0,1,0,10,0.0009062075215224287
173,2,18,0,1,0,6,0.00022655188038060717
174,2,1,18,1,0,6,0.00011327594019030358
175,2,18,0,1,0,9,0.0018124150430448573
176,2,18,3,2,0,9,0.0003775864673010119
177,2,14,3,1,0,5,0.0004908624074913155
178,2,14,3,2,1,5,0.0006796556411418215
179,2,13,0,1,0,9,0.0024920706841866785
180,2,13,0,2,0,6,0.0006796556411418215
181,2,13,0,3,1,10,0.005172934602023864
182,2,12,0,3,1,5,0.0004153451140311131
183,2,11,18,2,0,2,0.0010572421084428334
184,2,11,18,3,1,2,0.001548104515934149
185,2,6,0,2,1,3,0.001548104515934149
186,2,11,0,3,1,5,0.0015103458692040477
187,2,12,3,1,0,6,0.0003775864673010119
188,2,12,3,2,0,5,0.00026431052711070835
189,2,12,3,3,1,2,0.00026431052711070835
190,2,1,0,1,0,7,0.0016236218093943512
191,2,12,0,1,0,10,0.00015103458692040478
192,2,12,0,2,1,10,0.00022655188038060717
193,2,7,3,1,0,8,0.00022655188038060717
194,2,11,5,1,0,2,0.006456728590847304
195,2,11,5,2,1,2,0.004531037607612143
196,2,14,0,2,1,7,0.005928107536625887
197,2,17,0,2,1,1,0.007174142878719226
198,2,17,3,1,0,1,0.0010950007551729347
199,2,11,14,2,1,6,0.0007174142878719227
200,2,8,0,1,0,4,0.0010572421084428334
201,2,14,0,1,1,1,0.0007174142878719227
202,2,14,0,2,1,2,0.0008684488747923274
203,2,1,14,1,0,10,0.0007929315813321251
204,2,7,0,1,0,4,0.00015103458692040478
205,2,7,9,2,1,7,0.0004153451140311131
206,2,1,0,1,0,10,0.001359311282283643
207,2,5,3,1,0,7,0.0009439661682525298
208,2,9,5,2,1,4,0.000981724814982631
209,2,18,0,1,0,6,0.0006796556411418215
210,2,18,0,2,1,7,3.7758646730101195e-05
211,2,11,4,1,0,4,0.00018879323365050596
212,2,7,9,2,1,8,0.005475003775864673
213,2,7,6,1,1,10,0.0020767255701555657
214,2,7,2,1,1,2,0.003587071439359613
215,2,17,15,1,0,1,0.0010950007551729347
216,2,1,0,1,0,3,0.0007551729346020238
217,2,1,0,2,0,3,0.0004153451140311131
218,2,10,0,1,0,8,0.00022655188038060717
219,2,10,6,2,1,8,0.00015103458692040478
220,2,15,5,1,0,3,0.0006418969944117203
221,2,15,5,2,0,3,0.00030206917384080956
222,2,11,6,1,0,6,0.0006418969944117203
223,2,11,0,1,0,4,7.551729346020239e-05
224,2,11,0,2,1,8,0.00030206917384080956
225,2,15,3,1,1,8,0.0007551729346020238
226,2,11,3,2,1,7,0.0005286210542214167
227,2,9,3,1,1,4,0.0009439661682525298
228,2,17,10,1,0,1,0.00030206917384080956
229,2,17,10,2,1,1,0.003096209031868298
230,2,11,16,3,1,2,0.0005286210542214167
231,2,5,0,1,0,2,0.0012837939888234405
232,2,5,0,2,1,4,0.0005286210542214167
233,2,1,0,2,0,8,0.0006796556411418215
234,2,1,0,1,0,3,0.00015103458692040478
235,2,1,0,1,1,9,0.0006796556411418215
236,2,2,0,1,0,7,7.551729346020239e-05
237,2,2,0,2,1,3,0.00030206917384080956
238,2,15,14,1,0,6,0.00015103458692040478
239,2,13,0,1,0,10,0.00033982782057091076
240,2,10,0,1,0,8,7.551729346020239e-05
241,2,1,0,1,1,6,0.0007174142878719227
242,2,1,0,3,1,6,0.00030206917384080956
243,2,13,0,1,1,10,0.0005286210542214167
244,2,10,0,1,1,3,0.0008684488747923274
245,2,11,0,1,1,2,0.0013215526355535418
246,2,6,5,1,0,5,0.0006418969944117203
247,2,6,5,2,0,4,7.551729346020239e-05
248,2,6,17,3,1,5,0.003096209031868298
249,2,14,3,1,1,9,0.002567587977646881
250,2,10,3,1,1,8,0.0003775864673010119
251,2,14,12,1,1,5,0.001548104515934149
252,3,12,0,1,0,5,0.0013215526355535418
253,3,12,0,2,0,5,0.0011327594019030357
254,3,12,0,3,1,5,0.004606554901072346
255,3,10,0,1,0,8,0.001963449629965262
256,3,10,2,2,0,8,7.551729346020239e-05
257,3,10,2,3,1,8,0.006456728590847304
258,3,11,0,1,0,2,0.008911040628303881
259,3,11,5,2,0,2,0.00022655188038060717
260,3,11,5,3,1,2,0.003964657906660625
261,3,17,0,1,0,4,0.0007551729346020238
262,3,17,0,2,1,4,0.0010194834617127321
263,3,1,0,1,0,3,0.001774656396314756
264,3,1,0,2,0,9,0.0004908624074913155
265,3,7,0,1,0,8,0.0008306902280622263
266,3,7,0,2,0,9,0.00026431052711070835
267,3,7,3,3,1,10,7.551729346020239e-05
268,3,7,0,2,0,7,3.7758646730101195e-05
269,3,7,4,3,1,5,0.00033982782057091076
270,3,11,12,1,0,5,0.001774656396314756
271,3,11,12,2,0,5,0.00011327594019030358
272,3,11,12,3,1,5,0.000981724814982631
273,3,12,0,1,0,3,0.0003775864673010119
274,3,12,17,2,0,3,7.551729346020239e-05
275,3,12,17,3,1,3,0.00015103458692040478
276,3,1,3,1,0,2,7.551729346020239e-05
277,3,1,3,2,1,2,0.00030206917384080956
278,3,11,3,1,0,9,0.0006796556411418215
279,3,11,3,2,1,10,0.0003775864673010119
280,3,14,18,1,0,9,0.0009439661682525298
281,3,14,18,2,0,9,0.00033982782057091076
282,3,14,18,3,1,9,0.004417761667421839
283,3,7,11,1,0,2,0.0006418969944117203
284,3,7,3,2,1,2,0.0003775864673010119
285,3,12,0,1,0,3,0.0010194834617127321
286,3,12,2,2,1,5,0.003360519558979006
287,3,1,0,1,0,3,0.00015103458692040478
288,3,1,0,2,0,9,3.7758646730101195e-05
289,3,1,0,3,1,3,0.00030206917384080956
290,3,7,5,1,0,4,7.551729346020239e-05
291,3,7,3,2,1,10,0.0003775864673010119
292,3,7,8,2,1,3,0.0012082766953632382
293,3,1,0,1,0,6,7.551729346020239e-05
294,3,1,0,2,0,2,3.7758646730101195e-05
295,3,1,0,3,1,2,0.00026431052711070835
296,3,2,0,1,0,10,0.00033982782057091076
297,3,2,0,2,1,3,0.00026431052711070835
298,3,1,18,1,0,2,0.00015103458692040478
299,3,6,0,1,0,4,0.00026431052711070835
300,3,1,0,1,0,6,0.0024165533907264765
301,3,1,0,2,1,7,0.00015103458692040478
302,3,17,8,1,1,7,0.004719830841262649
303,3,9,18,1,1,1,0.006116900770276394
304,3,9,6,1,0,4,0.0011327594019030357
305,3,9,6,2,0,4,0.00015103458692040478
306,3,9,6,3,1,4,0.0026431052711070836
307,3,2,14,1,0,2,3.7758646730101195e-05
308,3,2,14,2,1,8,0.00026431052711070835
309,3,13,0,1,0,5,0.00018879323365050596
310,3,13,0,2,1,10,0.00045310376076121433
311,3,13,0,1,1,10,0.0005663797009515179
312,3,13,0,1,1,10,0.0005663797009515179
313,3,7,0,1,1,4,7.551729346020239e-05
314,3,7,0,1,1,7,0.0
315,3,12,4,2,0,5,0.00015103458692040478
316,3,4,0,1,0,5,0.0007174142878719227
317,3,4,0,2,1,7,0.00030206917384080956
318,3,11,17,1,0,8,0.0
319,3,11,17,2,1,2,0.0003775864673010119
320,3,11,0,1,0,2,0.0004908624074913155
321,3,11,0,2,1,2,0.0010950007551729347
322,3,10,5,1,0,10,0.0005663797009515179
323,3,10,5,2,1,8,0.00033982782057091076
324,3,10,0,1,1,3,0.0006418969944117203
325,3,14,0,1,0,1,0.0008684488747923274
326,3,14,0,2,1,7,0.00015103458692040478
327,3,1,0,1,1,3,0.0014725872224739466
328,3,5,0,1,0,3,0.0007174142878719227
329,3,5,16,2,0,5,0.00015103458692040478
330,3,5,16,3,1,5,0.0048708654281830535
331,3,12,0,1,0,5,0.00026431052711070835
332,3,12,17,2,1,5,0.0007551729346020238
333,3,1,3,1,0,2,0.0013215526355535418
334,3,16,3,2,1,2,0.003133967678598399
335,3,1,0,1,1,9,0.0009062075215224287
336,3,4,0,1,1,1,0.00033982782057091076
337,3,6,14,1,1,10,3.7758646730101195e-05
338,3,6,14,1,1,8,7.551729346020239e-05
339,3,11,5,1,0,4,0.00026431052711070835
340,3,11,5,2,1,2,0.0008306902280622263
341,3,11,0,1,0,8,0.00033982782057091076
342,3,11,17,2,1,8,0.00022655188038060717
343,3,5,14,1,0,3,0.00015103458692040478
344,3,5,14,2,1,1,0.0005663797009515179
345,3,6,12,1,0,7,3.7758646730101195e-05
346,3,6,12,2,1,5,0.0005286210542214167
347,3,6,7,1,0,4,0.00033982782057091076
348,3,6,7,2,1,4,0.0004153451140311131
349,3,11,0,1,0,3,0.00022655188038060717
350,3,11,0,2,1,6,0.0028318985047575897
351,3,1,0,1,1,4,0.00045310376076121433
352,3,1,0,1,1,5,0.00030206917384080956
353,3,8,0,1,0,1,0.0007551729346020238
354,3,8,0,2,1,1,0.0029451744449478933
355,3,8,0,1,0,1,0.0008306902280622263
356,3,8,0,2,0,1,0.00030206917384080956
357,3,12,3,1,1,5,0.0009062075215224287
358,3,14,0,2,1,2,0.0005663797009515179
359,3,17,0,1,1,9,0.006909832351608519
360,3,14,0,1,0,2,0.00026431052711070835
361,3,15,0,1,0,4,0.0007174142878719227
362,3,15,0,2,1,4,0.0005286210542214167
363,3,15,11,1,0,2,0.0033982782057091075
364,3,15,11,2,0,2,3.7758646730101195e-05
365,3,15,11,3,1,2,0.00018879323365050596
366,3,11,0,1,0,2,0.00015103458692040478
367,3,11,0,2,1,2,0.0
368,3,11,0,2,1,6,3.7758646730101195e-05
369,3,11,6,1,1,4,0.0004153451140311131
370,3,11,0,1,1,6,0.0003775864673010119
371,3,16,0,1,0,2,0.00011327594019030358
372,3,16,0,2,0,9,0.00011327594019030358
373,3,16,3,3,1,2,0.0018501736897749584
374,3,9,14,1,0,2,0.00015103458692040478
375,3,9,14,2,0,2,0.00015103458692040478
376,3,9,14,3,1,2,0.003549312792629512
377,3,6,0,1,1,3,0.00011327594019030358
378,3,15,0,1,1,2,0.00011327594019030358
379,3,9,0,1,1,4,0.00018879323365050596
380,3,16,14,1,1,8,0.0009439661682525298
381,3,16,14,1,1,2,0.0007551729346020238
382,3,11,0,1,1,2,0.0014725872224739466
383,3,5,0,1,1,8,0.0004908624074913155
384,3,16,3,1,1,5,0.005437245129134572
385,3,9,14,1,1,10,0.0034360368524392086
386,3,14,0,1,1,8,0.0014348285757438454
387,4,12,0,1,0,5,0.002152242863615768
388,4,12,0,2,0,5,7.551729346020239e-05
389,4,12,5,3,1,5,0.003285002265518804
390,4,10,0,1,0,3,0.0010194834617127321
391,4,10,2,2,0,3,0.00022655188038060717
392,4,10,2,3,1,3,0.0049463827216432565
393,4,11,0,1,0,2,0.007513970699290137
394,4,11,0,2,0,2,0.00011327594019030358
395,4,11,9,3,1,2,0.002341036097266274
396,4,1,3,1,0,3,0.00033982782057091076
397,4,1,3,2,0,3,3.7758646730101195e-05
398,4,1,3,3,1,3,0.0010950007551729347
399,4,1,0,1,0,3,0.0012837939888234405
400,4,1,11,2,1,3,3.7758646730101195e-05
401,4,7,0,1,0,8,0.00033982782057091076
402,4,7,0,2,1,8,0.0004153451140311131
403,4,13,0,1,0,2,0.0037381060262800182
404,4,13,0,2,0,2,0.0005663797009515179
405,4,13,0,3,1,2,0.006758797764688114
406,4,12,4,1,0,5,0.0004908624074913155
407,4,12,4,3,1,5,0.0006418969944117203
408,4,6,0,1,0,2,0.00026431052711070835
409,4,6,0,2,1,2,0.0003775864673010119
410,4,6,9,1,0,4,0.00011327594019030358
411,4,6,9,2,1,4,0.00030206917384080956
412,4,7,0,1,0,5,3.7758646730101195e-05
413,4,7,12,2,1,5,0.00018879323365050596
414,4,7,3,2,1,10,7.551729346020239e-05
415,4,7,3,1,0,10,0.00030206917384080956
416,4,7,3,2,1,10,0.00011327594019030358
417,4,13,0,1,1,9,0.001397069929013744
418,4,11,0,1,0,3,0.002756381211297387
419,4,11,0,2,1,3,0.0007174142878719227
420,4,12,0,1,0,6,0.00022655188038060717
421,4,12,0,2,1,7,0.00030206917384080956
422,4,11,0,1,0,7,0.0009062075215224287
423,4,11,5,2,1,7,0.001925690983235161
424,4,1,0,2,1,7,0.00030206917384080956
425,4,8,3,1,0,7,0.0015858631626642502
426,4,8,3,2,1,7,0.0007929315813321251
427,4,1,0,1,0,3,0.00045310376076121433
428,4,1,0,2,1,3,0.0007551729346020238
429,4,8,0,2,1,7,0.002152242863615768
430,4,17,3,2,1,1,0.0007929315813321251
431,4,1,0,1,0,4,0.00011327594019030358
432,4,1,0,2,1,4,0.0003775864673010119
433,4,14,0,1,0,10,0.00045310376076121433
434,4,4,17,1,0,7,0.00011327594019030358
435,4,4,17,2,1,7,0.00030206917384080956
436,4,9,14,1,0,5,0.00011327594019030358
437,4,9,14,2,1,5,0.00018879323365050596
438,4,6,0,1,0,3,0.00022655188038060717
439,4,14,18,1,0,6,0.00015103458692040478
440,4,1,0,1,0,6,0.00015103458692040478
441,4,1,3,1,1,1,0.0010194834617127321
442,4,8,17,1,1,7,0.00045310376076121433
443,4,16,5,1,0,2,0.0015103458692040477
444,4,16,5,2,0,2,0.00015103458692040478
445,4,16,5,3,1,2,0.007211901525449328
446,4,1,0,1,0,1,0.0008306902280622263
447,4,2,0,1,0,2,0.0017368977495846548
448,4,2,9,2,1,2,0.00857121280773297
449,4,5,0,1,0,3,0.00015103458692040478
450,4,5,0,2,1,3,3.7758646730101195e-05
451,4,4,7,1,0,7,0.00026431052711070835
452,4,4,17,2,1,7,0.0006418969944117203
453,4,4,2,1,0,2,0.0015858631626642502
454,4,4,2,2,1,2,0.0011327594019030357
455,4,12,0,1,1,5,0.00015103458692040478
456,4,11,0,1,0,2,3.7758646730101195e-05
457,4,11,0,2,1,2,0.00022655188038060717
458,4,11,3,1,0,2,0.0004908624074913155
459,4,12,15,1,0,9,0.00026431052711070835
460,4,12,15,2,1,9,0.0003775864673010119
461,4,17,15,2,1,1,0.002001208276695363
462,4,13,9,3,1,4,0.0010194834617127321
463,4,1,0,2,1,6,0.00022655188038060717
464,4,5,6,3,1,4,0.0004153451140311131
465,4,12,0,2,1,2,0.00026431052711070835
466,4,13,0,3,1,10,0.0012082766953632382
467,4,10,0,3,1,8,0.00015103458692040478
468,4,18,3,3,1,9,0.0018501736897749584
469,4,7,3,2,1,5,0.0004153451140311131
470,4,12,0,2,1,5,0.005965866183355989
471,4,15,0,2,1,2,0.004380003020691739
472,4,5,3,2,1,7,0.0037003473795499168
473,4,15,5,3,1,3,0.0010572421084428334
474,4,1,0,3,1,8,0.002001208276695363
475,4,14,2,3,1,9,0.0029829330916779943
476,4,6,9,2,1,4,0.00022655188038060717
477,4,8,0,3,1,1,0.00026431052711070835
478,4,15,8,2,1,9,0.0020767255701555657
479,4,13,8,1,1,8,0.0012837939888234405
480,4,14,0,1,1,10,0.00018879323365050596
481,4,14,0,1,1,6,0.00026431052711070835
482,4,14,0,1,1,2,0.00033982782057091076
483,4,9,16,1,1,9,0.0010572421084428334
484,4,11,16,1,1,7,0.0005286210542214167
485,4,10,9,1,1,3,0.0005286210542214167
486,4,1,0,1,1,9,0.0006041383476816191
487,4,8,16,1,1,1,0.0026431052711070836
488,4,14,0,1,1,10,0.00015103458692040478
489,4,11,0,1,1,2,3.7758646730101195e-05
490,4,11,0,1,1,2,0.0005286210542214167
491,4,17,0,1,1,1,0.0032472436187887025
492,4,12,0,1,1,5,0.002567587977646881
493,4,1,0,1,1,9,0.0006796556411418215
494,5,14,10,1,1,10,0.003096209031868298
495,5,12,0,1,0,5,0.0018879323365050596
496,5,12,0,2,0,5,0.00022655188038060717
497,5,12,0,3,1,5,0.00252982933091678
498,5,10,0,1,0,8,0.0015858631626642502
499,5,10,2,2,0,8,0.00026431052711070835
500,5,10,2,3,1,8,0.0006796556411418215
501,5,11,0,1,0,2,0.006834315058148316
502,5,11,0,2,0,2,0.0014348285757438454
503,5,11,0,3,1,2,0.0022277601570759704
504,5,1,0,1,0,3,3.7758646730101195e-05
505,5,1,0,2,1,3,0.00018879323365050596
506,5,1,0,1,0,3,0.00022655188038060717
507,5,1,0,2,0,4,0.00026431052711070835
508,5,1,0,3,1,4,0.0008684488747923274
509,5,17,0,1,0,7,0.00018879323365050596
510,5,17,0,2,1,7,0.00022655188038060717
511,5,12,0,1,0,5,0.00022655188038060717
512,5,12,0,2,1,5,0.00011327594019030358
513,5,10,0,1,0,8,0.00026431052711070835
514,5,10,0,2,1,8,0.00026431052711070835
515,5,11,0,1,0,2,3.7758646730101195e-05
516,5,11,0,2,1,2,0.00030206917384080956
517,5,14,0,1,0,6,0.0003775864673010119
518,5,14,0,2,1,6,0.00022655188038060717
519,5,1,3,1,0,4,0.00045310376076121433
520,5,1,3,2,0,4,3.7758646730101195e-05
521,5,1,3,3,1,4,0.00011327594019030358
522,5,13,0,1,0,1,0.00011327594019030358
523,5,13,0,2,1,1,0.00022655188038060717
524,5,6,0,1,0,2,0.0007551729346020238
525,5,6,0,2,0,2,0.00026431052711070835
526,5,6,0,3,1,2,0.0005286210542214167
527,5,14,3,1,0,2,0.0005286210542214167
528,5,14,3,2,1,2,0.0006041383476816191
529,5,5,0,1,0,4,0.0003775864673010119
530,5,5,9,2,1,4,0.0012837939888234405
531,5,1,0,1,1,6,0.0010950007551729347
532,5,2,0,1,0,4,0.00015103458692040478
533,5,2,0,2,0,4,7.551729346020239e-05
534,5,2,0,3,1,3,0.00022655188038060717
535,5,11,0,1,0,2,7.551729346020239e-05
536,5,11,5,2,0,2,0.0007174142878719227
537,5,11,5,3,1,2,0.00045310376076121433
538,5,2,0,1,1,8,3.7758646730101195e-05
539,5,2,0,1,1,2,0.0004153451140311131
540,5,7,12,1,0,10,0.000981724814982631
541,5,7,12,2,0,5,0.0006796556411418215
542,5,7,12,3,1,10,0.0008684488747923274
543,5,7,4,1,0,8,0.0004153451140311131
544,5,7,4,2,0,4,0.00018879323365050596
545,5,7,4,3,1,8,0.0031717263253285004
546,5,12,18,1,0,5,0.00011327594019030358
547,5,12,18,2,1,5,0.0016613804561244525
548,5,12,0,1,0,5,0.00015103458692040478
549,5,12,0,2,1,5,0.001774656396314756
550,5,11,0,1,0,5,7.551729346020239e-05
551,5,5,17,1,0,3,0.0009062075215224287
552,5,5,17,2,0,3,0.00033982782057091076
553,5,5,17,3,1,8,0.002114484216885667
554,5,10,0,1,0,8,0.0010572421084428334
555,5,10,0,2,1,8,0.0010950007551729347
556,5,12,0,1,1,5,0.0010194834617127321
557,5,7,6,1,0,8,0.0006041383476816191
558,5,7,6,2,1,8,0.000981724814982631
559,5,17,2,1,0,10,0.001397069929013744
560,5,17,2,2,1,8,0.0012460353420933393
561,5,14,3,1,1,1,0.0007929315813321251
562,5,8,0,1,0,1,0.0005663797009515179
563,5,8,0,2,1,10,0.0007174142878719227
564,5,11,6,1,0,2,7.551729346020239e-05
565,5,11,6,2,1,2,0.00018879323365050596
566,5,6,3,1,0,10,0.0006041383476816191
567,5,6,3,2,1,10,0.0009439661682525298
568,5,4,0,1,0,5,0.0021900015103458693
569,5,4,0,2,1,5,0.0007551729346020238
570,5,17,0,1,0,4,0.00475758948799275
571,5,17,0,2,1,4,0.006116900770276394
572,5,1,0,1,0,4,0.0011327594019030357
573,5,1,0,2,1,4,0.0006796556411418215
574,5,14,0,1,0,7,0.000981724814982631
575,5,14,0,2,0,7,0.00022655188038060717
576,5,14,0,3,1,7,0.0006041383476816191
577,5,14,0,1,0,5,0.0007174142878719227
578,5,14,0,2,0,5,0.00033982782057091076
579,5,14,0,3,1,5,0.00505965866183356
580,5,11,3,1,0,2,0.0004153451140311131
581,5,11,3,2,1,9,7.551729346020239e-05
582,5,15,0,1,0,9,0.00022655188038060717
583,5,15,0,2,0,9,7.551729346020239e-05
584,5,15,0,3,1,9,0.00026431052711070835
585,5,1,12,1,0,6,0.00026431052711070835
586,5,1,12,2,1,3,0.00033982782057091076
587,5,13,3,1,1,9,0.0015858631626642502
588,5,7,0,1,0,2,0.00011327594019030358
589,5,7,9,2,1,4,0.0004908624074913155
590,5,12,4,1,0,9,0.00011327594019030358
591,5,12,4,2,1,9,0.00011327594019030358
592,5,11,8,1,0,9,0.0003775864673010119
593,5,11,8,2,1,9,0.00022655188038060717
594,5,11,0,1,1,6,3.7758646730101195e-05
595,5,7,13,1,0,10,0.00411569249358103
596,5,7,13,2,1,10,0.0018501736897749584
597,5,12,9,1,0,4,7.551729346020239e-05
598,5,12,9,2,1,4,0.0004153451140311131
599,5,9,0,1,0,4,0.00018879323365050596
600,5,9,0,2,0,4,7.551729346020239e-05
601,5,9,0,3,1,4,0.0004153451140311131
602,5,13,0,1,0,9,0.00018879323365050596
603,5,13,0,2,0,2,0.00026431052711070835
604,5,13,0,3,1,2,0.001170518048633137
605,5,14,0,1,0,2,0.00030206917384080956
606,5,14,0,2,1,3,0.00030206917384080956
607,5,8,10,1,0,9,0.0014348285757438454
608,5,8,10,2,0,1,0.0009439661682525298
609,5,8,10,3,1,1,0.006154659417006494
610,5,16,0,1,0,5,0.0006041383476816191
611,5,16,0,2,0,5,0.00018879323365050596
612,5,16,0,3,1,10,0.002341036097266274
613,5,15,0,1,0,9,0.0006418969944117203
614,5,15,0,2,1,9,0.00011327594019030358
615,5,15,0,1,1,2,0.00018879323365050596
616,5,7,0,1,0,8,0.00015103458692040478
617,5,7,0,2,1,8,3.7758646730101195e-05
618,5,5,13,1,1,3,0.0007174142878719227
619,5,2,0,1,0,10,0.00030206917384080956
620,5,2,0,2,1,7,0.000981724814982631
621,5,16,0,1,1,8,0.0006041383476816191
622,5,5,8,1,0,5,0.00033982782057091076
623,5,5,8,2,1,5,0.0030206917384080953
624,5,17,9,1,0,8,0.00026431052711070835
625,5,17,9,2,0,8,0.0017368977495846548
626,5,1,0,1,1,3,3.7758646730101195e-05
627,5,1,3,1,0,9,0.00018879323365050596
628,5,1,3,2,1,8,0.0005286210542214167
629,5,17,3,1,0,3,3.7758646730101195e-05
630,5,17,3,2,1,3,0.00015103458692040478
631,5,10,0,1,1,8,0.00026431052711070835
632,5,7,9,1,1,4,0.0004153451140311131
633,5,17,16,1,0,2,0.0010194834617127321
634,5,17,16,2,0,2,0.00022655188038060717
635,5,17,16,3,1,2,0.003133967678598399
636,5,7,10,1,0,9,0.00033982782057091076
637,5,7,10,2,1,9,0.003549312792629512
638,5,9,2,1,1,2,0.00011327594019030358
639,5,6,2,1,1,4,3.7758646730101195e-05
640,5,12,2,1,1,5,0.00018879323365050596
641,5,3,0,1,1,5,3.7758646730101195e-05
642,5,13,3,1,1,2,7.551729346020239e-05
643,5,16,10,1,1,9,0.002303277450536173
644,5,16,13,1,1,1,0.0010194834617127321
645,5,5,3,1,1,3,0.00011327594019030358
646,5,16,15,1,1,4,0.0008306902280622263
647,5,11,2,1,1,10,0.0007174142878719227
648,5,1,14,1,1,9,0.0012082766953632382
649,5,7,9,1,1,7,0.000981724814982631
650,6,12,0,1,0,5,0.0008684488747923274
651,6,12,0,2,0,5,0.00018879323365050596
652,6,12,2,3,1,5,0.0007551729346020238
653,6,10,0,1,0,8,0.001359311282283643
654,6,10,0,2,0,8,0.0008306902280622263
655,6,10,14,3,1,8,0.0013215526355535418
656,6,11,0,1,0,2,0.0005663797009515179
657,6,11,0,2,0,2,3.7758646730101195e-05
658,6,11,17,3,1,2,0.010270351910587524
659,6,1,0,1,0,3,0.00011327594019030358
660,6,1,5,2,1,3,7.551729346020239e-05
661,6,1,3,1,0,8,0.0005286210542214167
662,6,10,3,2,0,8,0.0004908624074913155
663,6,10,3,3,1,8,0.0016236218093943512
664,6,7,0,1,0,1,0.00011327594019030358
665,6,7,0,2,0,1,0.00045310376076121433
666,6,7,3,3,1,9,0.00026431052711070835
667,6,10,1,1,0,3,0.00030206917384080956
668,6,10,1,2,1,3,0.00022655188038060717
669,6,18,0,1,0,9,0.0003775864673010119
670,6,18,0,2,0,9,0.00018879323365050596
671,6,18,0,3,1,9,0.00015103458692040478
672,6,12,0,1,0,3,0.0004908624074913155
673,6,12,0,2,1,3,0.0008306902280622263
674,6,2,0,1,0,9,0.0007551729346020238
675,6,2,17,2,1,9,0.00030206917384080956
676,6,1,0,1,1,9,0.0006796556411418215
677,6,14,0,1,0,4,0.0049463827216432565
678,6,14,0,2,1,2,0.0014348285757438454
679,6,9,8,1,0,3,0.0004153451140311131
680,6,9,8,2,0,3,0.00011327594019030358
681,6,9,8,3,1,3,0.002718622564567286
682,6,18,0,1,0,6,0.00018879323365050596
683,6,18,0,2,1,6,7.551729346020239e-05
684,6,18,0,1,0,9,0.00022655188038060717
685,6,18,0,2,1,9,0.0003775864673010119
686,6,17,14,1,0,2,0.00030206917384080956
687,6,17,14,2,1,2,0.0003775864673010119
688,6,6,11,1,0,3,3.7758646730101195e-05
689,6,6,11,2,1,3,0.00030206917384080956
690,6,4,11,1,0,3,7.551729346020239e-05
691,6,4,16,2,1,3,0.0006418969944117203
692,6,11,0,1,0,2,0.00011327594019030358
693,6,11,0,2,1,2,0.0006796556411418215
694,6,13,1,1,0,10,0.00026431052711070835
695,6,13,1,2,1,10,0.0006041383476816191
696,6,6,16,1,0,3,0.00026431052711070835
697,6,6,16,2,1,8,0.000981724814982631
698,6,6,15,1,0,2,0.0003775864673010119
699,6,6,15,2,1,2,0.0010194834617127321
700,6,18,0,2,1,6,0.011176559432109953
701,6,2,3,1,1,5,0.0017368977495846548
702,6,13,18,1,1,10,0.0016991391028545538
703,6,6,18,1,1,4,0.0006041383476816191
704,6,16,0,1,0,7,0.0026808639178371846
705,6,16,0,2,0,7,7.551729346020239e-05
706,6,16,0,3,1,7,0.0037758646730101193
707,6,9,18,1,1,4,0.000981724814982631
708,6,8,12,1,0,3,0.0016236218093943512
709,6,8,12,2,1,3,0.0010950007551729347
710,6,8,12,1,0,3,0.0014725872224739466
711,6,8,12,2,1,3,0.0003775864673010119
712,6,15,0,1,0,2,0.00026431052711070835
713,6,15,0,2,1,2,0.00045310376076121433
714,6,3,16,1,0,7,0.0021900015103458693
715,6,3,16,2,1,7,0.005172934602023864
716,6,18,0,1,1,2,0.0008684488747923274
717,6,17,3,1,1,8,0.0006041383476816191
718,6,16,5,1,1,5,0.001170518048633137
719,6,6,18,1,1,6,0.0010572421084428334
720,6,14,8,1,1,7,0.001170518048633137
721,6,10,11,1,1,3,0.00011327594019030358
722,7,12,3,1,0,3,0.005626038362785078
723,7,12,3,2,0,3,0.00022655188038060717
724,7,12,8,3,1,3,0.004380003020691739
725,7,10,0,1,0,8,0.001925690983235161
726,7,10,0,2,0,8,0.0010194834617127321
727,7,10,17,3,1,8,0.0016991391028545538
728,7,11,0,1,0,2,0.0016613804561244525
729,7,11,0,2,0,2,0.00015103458692040478
730,7,11,18,3,1,2,0.0026431052711070836
731,7,1,3,1,0,1,0.00011327594019030358
732,7,1,3,2,0,1,7.551729346020239e-05
733,7,1,3,3,1,1,0.0006418969944117203
734,7,1,0,1,0,3,0.0004153451140311131
735,7,1,0,2,1,3,0.0
736,7,7,0,1,0,4,0.00030206917384080956
737,7,7,13,2,0,5,0.0014725872224739466
738,7,7,13,3,1,2,0.0007174142878719227
739,7,2,0,1,0,7,7.551729346020239e-05
740,7,2,15,2,1,9,0.00011327594019030358
741,7,10,3,1,1,8,0.0007174142878719227
742,7,7,18,1,0,10,0.0003775864673010119
743,7,7,18,2,1,10,0.0005286210542214167
744,7,6,0,1,0,3,0.0014348285757438454
745,7,6,0,2,1,3,0.0024920706841866785
746,7,11,0,1,1,2,0.0007174142878719227
747,7,4,11,1,0,2,0.00022655188038060717
748,7,4,11,2,1,2,0.000981724814982631
749,7,5,0,1,0,3,0.00030206917384080956
750,7,5,0,2,1,3,0.0012082766953632382
751,7,11,7,1,0,5,0.00022655188038060717
752,7,11,7,2,1,5,0.0006041383476816191
753,7,12,0,1,0,6,0.00015103458692040478
754,7,12,0,2,1,6,0.002718622564567286
755,7,12,18,1,0,7,0.00033982782057091076
756,7,12,18,2,1,7,0.0006041383476816191
757,7,4,10,1,0,1,0.0006418969944117203
758,7,4,10,2,1,1,0.00030206917384080956
759,7,1,2,1,0,6,0.0006796556411418215
760,7,1,2,2,1,6,0.0010950007551729347
761,7,12,0,1,0,7,0.00018879323365050596
762,7,12,0,2,0,7,0.00015103458692040478
763,7,12,0,3,1,7,0.0006041383476816191
764,7,18,0,1,1,5,0.00015103458692040478
765,7,1,14,1,1,9,0.00018879323365050596
766,7,2,0,1,1,9,0.00011327594019030358
767,7,7,11,1,0,4,0.0003775864673010119
768,7,7,11,2,1,4,0.002756381211297387
769,7,8,5,1,0,3,0.00033982782057091076
770,7,8,5,2,1,3,0.0004153451140311131
771,7,11,0,1,1,1,0.0010572421084428334
772,7,1,0,1,0,4,0.0006418969944117203
773,7,1,0,2,1,4,0.0014348285757438454
774,7,6,3,1,1,3,0.0014725872224739466
775,7,1,0,1,1,2,0.0004908624074913155
776,7,10,16,1,1,8,0.00026431052711070835
777,7,13,9,1,1,4,0.0007174142878719227
778,7,8,18,1,1,10,0.01638725268086392
779,7,11,14,1,1,6,0.0004908624074913155
780,7,1,16,1,1,9,0.0006796556411418215
781,7,8,12,1,1,5,0.0007929315813321251
782,7,16,0,1,0,4,0.00033982782057091076
783,7,16,2,2,0,4,0.00011327594019030358
784,7,16,2,3,1,4,0.0006796556411418215
785,7,13,18,1,1,10,0.00033982782057091076
786,7,14,18,1,1,6,0.00026431052711070835
787,7,12,18,1,1,8,3.7758646730101195e-05
788,7,11,18,1,1,7,3.7758646730101195e-05
789,7,14,0,1,0,2,0.0003775864673010119
790,7,14,0,2,0,2,7.551729346020239e-05
791,7,14,9,3,1,9,0.00045310376076121433
792,7,14,8,3,1,7,0.0008684488747923274
793,7,6,4,1,1,9,0.0004153451140311131
794,7,7,2,1,1,8,0.0003775864673010119
795,7,7,2,1,1,9,0.0004153451140311131
796,7,13,0,1,1,1,0.0007551729346020238
797,7,9,3,1,1,5,0.00018879323365050596
798,7,12,9,1,1,9,3.7758646730101195e-05
799,7,17,16,1,1,1,0.00030206917384080956
800,7,14,0,1,1,1,0.0014348285757438454
801,7,9,18,1,1,4,0.0007929315813321251
802,7,2,8,1,1,4,0.0026053466243769825
803,7,4,0,1,0,7,0.00026431052711070835
804,7,4,16,2,1,7,0.00030206917384080956
805,7,6,9,1,1,4,0.00030206917384080956
806,7,10,8,1,1,9,0.0010950007551729347
807,7,13,0,1,1,10,0.0026431052711070836
808,7,9,0,1,0,4,0.0005663797009515179
809,7,9,0,2,1,4,0.0004908624074913155
810,8,12,0,1,0,5,0.0005663797009515179
811,8,12,0,2,0,5,0.00022655188038060717
812,8,12,0,3,1,5,0.00022655188038060717
813,8,10,0,1,0,9,0.0017368977495846548
814,8,10,0,2,0,4,0.0005663797009515179
815,8,10,0,3,1,9,0.001963449629965262
816,8,11,0,1,0,2,0.0009439661682525298
817,8,11,0,2,0,2,0.00011327594019030358
818,8,11,0,3,1,2,0.0009062075215224287
819,8,1,0,1,0,3,0.00011327594019030358
820,8,1,0,2,1,3,0.00030206917384080956
821,8,3,0,1,0,2,7.551729346020239e-05
822,8,3,0,2,0,2,0.00018879323365050596
823,8,3,9,3,1,7,0.002114484216885667
824,8,7,0,1,0,2,3.7758646730101195e-05
825,8,7,14,2,0,10,0.00018879323365050596
826,8,7,14,3,1,8,0.00011327594019030358
827,8,17,0,1,0,3,0.00033982782057091076
828,8,17,0,2,1,3,0.00022655188038060717
829,8,12,0,1,0,5,0.0
830,8,12,0,2,1,5,0.00015103458692040478
831,8,1,0,1,0,9,0.001170518048633137
832,8,1,0,2,1,9,7.551729346020239e-05
833,8,11,0,1,0,5,0.00022655188038060717
834,8,11,6,2,1,5,0.00011327594019030358
835,8,13,0,1,0,10,0.0003775864673010119
836,8,13,0,2,1,10,0.0005286210542214167
837,8,6,0,1,0,1,0.0
838,8,6,10,2,0,1,3.7758646730101195e-05
839,8,6,10,3,1,1,0.00018879323365050596
840,8,12,16,1,0,5,0.0008684488747923274
841,8,12,16,2,1,5,0.00045310376076121433
842,8,12,16,2,1,5,0.002341036097266274
843,8,5,0,1,0,5,0.0
844,8,5,0,2,1,5,7.551729346020239e-05
845,8,3,11,1,1,2,0.0008306902280622263
846,8,11,0,1,0,3,0.0
847,8,11,0,2,1,3,7.551729346020239e-05
848,8,13,4,1,0,7,0.0004908624074913155
849,8,13,4,2,1,7,0.0058148315964355836
850,8,10,7,1,0,8,0.0003775864673010119
851,8,10,7,2,1,8,0.0008684488747923274
852,8,2,0,1,0,3,0.0005286210542214167
853,8,2,0,2,1,2,0.00011327594019030358
854,8,8,0,1,0,7,0.00018879323365050596
855,8,8,0,2,1,7,0.00045310376076121433
856,8,14,0,1,0,6,0.00030206917384080956
857,8,14,0,2,0,6,0.00026431052711070835
858,8,14,18,3,1,6,0.0007551729346020238
859,8,17,18,1,0,6,0.00033982782057091076
860,8,17,18,2,0,6,0.00026431052711070835
861,8,17,18,3,1,7,0.0006041383476816191
862,8,17,1,3,1,4,0.0006041383476816191
863,8,9,0,2,1,3,0.00022655188038060717
864,8,8,0,2,1,9,0.00011327594019030358
865,8,2,0,2,1,9,0.000981724814982631
866,8,15,14,3,1,7,0.00011327594019030358
867,8,5,8,2,1,4,0.00015103458692040478
868,8,18,0,1,0,9,0.00015103458692040478
869,8,18,0,2,1,9,0.0017368977495846548
870,8,2,0,1,1,10,0.0020767255701555657
871,8,13,0,1,1,7,0.0005663797009515179
872,8,15,7,1,0,9,0.0036248300860897147
873,8,15,7,2,1,9,0.00030206917384080956
874,8,6,0,1,1,4,0.00026431052711070835
875,8,15,0,1,1,2,0.0005663797009515179
876,8,14,1,1,1,7,0.0003775864673010119
877,8,13,17,1,1,10,0.0005286210542214167
878,8,9,0,1,0,10,7.551729346020239e-05
879,8,9,0,2,1,5,0.00015103458692040478
880,8,13,16,1,1,5,0.00022655188038060717
881,8,13,15,1,1,2,0.00033982782057091076
882,8,11,16,1,1,5,0.0006041383476816191
883,8,11,15,1,1,2,0.0
884,8,9,16,1,0,9,0.00022655188038060717
885,8,16,8,1,0,5,0.0007929315813321251
886,8,16,8,2,0,5,0.00011327594019030358
887,8,16,8,3,1,5,0.0041534511403111315
888,8,18,0,1,1,2,0.0004153451140311131
889,8,2,0,1,1,8,0.00018879323365050596
890,8,4,16,1,1,7,0.00033982782057091076
891,8,2,0,1,0,4,7.551729346020239e-05
892,8,2,17,2,1,4,0.0006041383476816191
893,8,17,12,1,1,5,0.00018879323365050596
894,8,13,0,1,1,10,0.00018879323365050596
895,8,16,0,1,1,5,3.7758646730101195e-05
896,8,15,0,1,1,9,3.7758646730101195e-05
897,8,8,0,1,1,1,0.00018879323365050596
898,8,14,12,1,1,5,0.00015103458692040478
899,8,1,14,2,1,4,3.7758646730101195e-05
900,8,7,6,2,1,3,0.00011327594019030358
901,8,5,1,3,1,3,0.0006041383476816191
902,8,11,8,2,1,5,0.00015103458692040478
903,8,2,4,2,1,4,0.0006418969944117203
904,8,17,4,2,1,1,0.00011327594019030358
905,8,18,3,1,1,6,3.7758646730101195e-05
906,9,12,0,1,0,5,0.001963449629965262
907,9,12,0,2,0,5,0.00030206917384080956
908,9,12,17,3,1,5,0.0021900015103458693
909,9,10,0,1,0,8,0.0021900015103458693
910,9,10,0,2,0,8,0.0
911,9,10,8,3,1,8,0.00045310376076121433
912,9,11,0,1,0,9,0.0006796556411418215
913,9,11,0,2,0,2,3.7758646730101195e-05
914,9,11,2,3,1,2,0.00011327594019030358
915,9,1,0,1,0,4,0.0007551729346020238
916,9,1,0,2,1,4,0.0
917,9,7,0,1,0,9,3.7758646730101195e-05
918,9,7,0,2,1,5,3.7758646730101195e-05
919,9,7,0,1,0,4,3.7758646730101195e-05
920,9,7,17,2,1,4,0.00018879323365050596
921,9,13,0,1,0,10,0.00045310376076121433
922,9,13,2,2,0,10,0.00015103458692040478
923,9,13,2,3,1,10,0.0003775864673010119
924,9,1,0,1,0,9,0.0010194834617127321
925,9,1,0,2,1,9,0.001397069929013744
926,9,18,0,1,0,10,0.0010950007551729347
927,9,18,0,2,1,3,0.0009439661682525298
928,9,12,1,1,0,5,0.0005663797009515179
929,9,12,1,2,0,5,3.7758646730101195e-05
930,9,12,1,3,1,5,0.00011327594019030358
931,9,1,3,1,1,5,3.7758646730101195e-05
932,9,6,0,1,0,3,0.00030206917384080956
933,9,6,0,2,0,3,7.551729346020239e-05
934,9,6,0,3,1,3,0.00022655188038060717
935,9,10,0,1,0,8,0.00011327594019030358
936,9,10,14,2,1,8,0.0005663797009515179
937,9,10,8,2,1,2,0.003549312792629512
938,9,13,0,1,0,10,0.0
939,9,13,0,2,1,5,0.0005663797009515179
940,9,13,3,1,0,1,7.551729346020239e-05
941,9,13,3,2,1,10,0.00015103458692040478
942,9,17,0,1,0,3,7.551729346020239e-05
943,9,17,0,2,1,4,0.00018879323365050596
944,9,4,1,1,0,4,3.7758646730101195e-05
945,9,4,1,2,1,4,0.0007551729346020238
946,9,12,8,1,0,3,0.0
947,9,12,8,2,1,3,7.551729346020239e-05
948,9,5,12,1,0,10,0.00015103458692040478
949,9,5,12,2,1,1,0.00011327594019030358
950,9,6,0,1,1,8,0.00026431052711070835
951,9,12,0,1,0,5,3.7758646730101195e-05
952,9,12,10,2,1,5,3.7758646730101195e-05
953,9,7,0,1,0,3,0.00018879323365050596
954,9,7,14,2,1,5,3.7758646730101195e-05
955,9,14,0,1,0,10,3.7758646730101195e-05
956,9,14,0,2,1,10,0.00015103458692040478
957,9,18,9,1,0,6,0.0003775864673010119
958,9,18,9,2,0,6,0.00011327594019030358
959,9,18,9,3,1,6,0.004531037607612143
960,9,11,0,1,0,9,0.00033982782057091076
961,9,11,0,2,1,8,0.00018879323365050596
962,9,3,17,1,1,9,0.00011327594019030358
963,9,11,0,1,0,2,0.00011327594019030358
964,9,11,0,2,1,2,0.00015103458692040478
965,9,9,4,1,0,4,7.551729346020239e-05
966,9,9,4,2,1,4,0.00022655188038060717
967,9,16,1,1,1,5,0.00011327594019030358
968,9,9,0,1,1,6,0.00022655188038060717
969,9,6,4,1,0,2,3.7758646730101195e-05
970,9,6,4,2,1,2,0.00026431052711070835
971,9,8,0,1,0,9,0.00033982782057091076
972,9,8,0,2,1,9,0.00011327594019030358
973,9,3,2,1,1,6,0.0004153451140311131
974,9,15,0,1,0,9,0.00030206917384080956
975,9,15,0,2,1,9,0.00015103458692040478
976,9,11,14,1,1,4,0.0
977,9,11,0,1,1,2,7.551729346020239e-05
978,9,16,11,1,1,6,0.0009439661682525298
979,9,2,8,3,1,4,0.0010572421084428334
980,9,4,5,2,1,3,0.004380003020691739
981,9,1,14,2,1,3,0.0004908624074913155
982,9,1,0,2,1,10,0.00018879323365050596
983,9,17,9,3,1,1,0.0005286210542214167
984,9,5,2,1,1,7,0.00015103458692040478
985,9,18,14,1,1,6,0.00018879323365050596
986,9,12,17,1,1,4,3.7758646730101195e-05
987,9,8,18,1,1,4,0.00015103458692040478
988,9,7,2,1,1,8,0.0007929315813321251
989,9,13,5,1,1,4,7.551729346020239e-05
990,9,5,9,1,1,4,0.0
991,9,15,11,1,1,8,0.00030206917384080956
992,9,2,13,1,1,4,3.7758646730101195e-05
993,9,17,3,1,1,2,0.0
994,9,10,4,1,1,10,0.00011327594019030358
995,9,6,13,1,1,5,3.7758646730101195e-05
996,9,16,15,1,0,4,0.00011327594019030358
997,9,16,15,2,0,4,3.7758646730101195e-05
998,9,16,15,3,1,4,0.0003775864673010119
999,9,8,0,1,0,3,0.00015103458692040478
1000,9,9,8,2,1,10,0.0004908624074913155
1001,9,17,12,1,1,3,0.00030206917384080956
1002,9,17,15,1,1,9,0.0006041383476816191
1003,9,17,5,1,1,3,0.00011327594019030358
1004,9,17,10,1,1,8,0.00026431052711070835
1005,9,16,17,1,1,5,0.00026431052711070835
1006,9,18,2,1,1,9,0.00045310376076121433
1007,9,2,16,1,1,8,0.00033982782057091076
1008,9,13,16,1,1,2,0.0004908624074913155
1009,9,11,16,1,1,2,0.0006041383476816191
1010,9,12,14,1,1,5,0.00011327594019030358
1011,9,12,16,2,0,5,0.0
1012,9,12,8,1,0,5,7.551729346020239e-05
1013,9,12,8,2,1,5,0.00026431052711070835
1014,9,4,2,1,1,1,0.00015103458692040478
1015,9,4,14,1,1,1,7.551729346020239e-05
1016,9,4,18,1,1,1,0.00018879323365050596
1017,9,12,0,1,1,5,0.0016991391028545538
1018,9,9,16,2,1,9,0.0004908624074913155
1019,9,12,16,3,1,5,0.0010572421084428334
1020,9,10,16,1,1,3,3.7758646730101195e-05
1021,9,13,16,1,1,10,0.00026431052711070835
1022,9,6,14,1,1,4,7.551729346020239e-05
1023,9,9,14,1,1,2,0.0
1024,9,1,0,1,1,2,0.0006418969944117203
1025,9,4,8,1,1,7,0.00030206917384080956
