Shannon Guesses, Shannon Time, Knuth WC Guesses, Knuth WC Time, Knuth Avg Guesses, Knuth Avg Time
3,2.1519,3,2.2713,2,2.1921
2,2.1473,3,2.1907,3,2.2065
3,2.1789,3,2.3818,3,2.2338
4,2.3525,4,2.3930,4,3.3498
4,2.5029,3,2.3166,4,2.3055
4,2.8587,4,2.4681,3,2.3699
3,2.3294,3,2.2975,2,2.2721
2,2.3121,2,2.2740,2,2.2590
3,2.3065,3,2.2651,3,2.2629
3,2.2808,5,2.4569,5,2.3978
3,2.2796,3,2.3235,4,2.3351
3,2.4153,3,2.4153,4,2.3175
4,2.3450,4,2.3386,3,2.2820
4,2.2797,4,2.2738,4,2.2638
3,2.4459,3,2.5112,3,2.2823
3,2.3854,3,2.3359,4,2.3163
3,2.2684,3,2.2675,3,2.2605
3,2.4627,3,2.4770,3,2.3691
4,2.4999,4,2.4960,4,2.4194
3,2.4564,3,2.4352,3,2.3801
4,2.4453,4,2.4415,5,2.4106
3,2.4648,3,2.4698,3,2.3388
5,2.5337,4,2.4950,4,2.4519
4,2.4810,4,2.4665,4,2.4044
3,2.3716,4,2.3777,3,2.3484
4,2.4703,4,2.4441,3,2.4224
3,2.7247,4,2.7169,3,2.6316
5,2.7204,5,2.6816,4,2.5740
5,2.7297,3,2.5137,3,2.4952
4,2.6231,3,2.6616,2,2.5523
3,2.7330,3,2.5734,2,2.5983
6,2.7902,5,2.7460,5,2.6688
4,2.5690,3,2.5495,4,2.5753
3,2.7365,4,2.7429,4,2.5989
5,2.6021,4,2.5949,5,2.5627
4,2.6605,4,2.6436,3,2.5495
4,2.7286,4,2.6849,4,2.6219
4,2.6675,4,2.6530,3,2.5511
4,2.5626,3,2.5380,4,2.5321
4,2.6553,4,2.6758,4,2.5519
3,2.7228,3,2.7231,3,2.7170
4,2.6325,4,2.5844,3,2.5696
3,2.6390,3,2.5313,2,2.4975
4,2.5920,3,2.3969,2,2.3902
4,2.5920,4,2.5648,4,2.4562
4,2.5677,4,2.5199,3,2.4855
4,2.5617,4,2.5544,3,2.4217
3,2.5089,3,2.5181,4,2.5147
3,2.5547,3,2.5702,3,2.3468
4,2.3999,4,2.3904,4,2.3644
4,2.3504,4,2.3670,5,2.3450
3,2.3821,5,2.3980,3,2.3018
3,2.3587,3,2.3375,3,2.2653
4,2.2867,3,2.2459,3,2.2536
3,2.2667,3,2.2374,2,2.2281
4,2.4500,4,2.4462,4,2.3469
4,2.3640,4,2.3195,4,2.3132
5,2.4880,5,2.4678,5,2.5937
4,2.6456,4,2.7192,4,2.5542
4,2.5318,4,2.6563,3,2.4958
3,2.4860,3,2.4662,3,2.4609
3,2.5266,3,2.4860,3,2.4526
3,2.6170,5,2.6203,3,2.5300
3,2.4762,5,2.5096,3,2.5244
3,2.7026,3,2.6295,3,2.4928
4,2.7507,5,2.6457,4,2.5574
5,2.5663,5,2.5402,5,2.5258
4,2.5818,4,2.7127,4,2.6025
4,2.5750,4,2.7356,3,2.6123
3,2.7046,4,2.6682,4,2.5865
4,2.6512,4,2.7421,4,2.9040
3,2.6180,3,2.5883,3,2.5635
3,2.6225,3,2.5835,3,2.5639
3,2.6918,3,2.6741,3,2.6488
3,2.6160,4,2.6497,3,2.6412
4,2.7344,5,2.7359,5,2.6375
4,2.7506,4,2.7821,4,2.6658
5,2.7541,5,2.7795,4,2.7167
3,2.5404,3,2.3987,2,2.4125
3,2.4829,3,2.3931,3,2.3990
4,2.7048,4,2.7312,4,2.6465
5,2.5710,4,2.5459,5,2.5757
5,2.6485,5,2.6492,6,2.6363
6,2.6528,6,2.6317,7,2.6151
4,2.6492,4,2.6533,4,2.5361
5,2.5950,4,2.5340,4,2.5295
3,2.5349,3,2.5255,3,2.5016
7,2.7581,6,2.7169,6,2.6434
5,2.6933,5,2.6551,5,2.5662
6,2.5675,5,2.5400,5,2.5354
4,2.5499,3,2.5276,2,2.5113
4,2.6143,4,2.6148,4,2.5622
4,2.5517,4,2.5474,3,2.5129
4,2.6590,4,2.6596,4,2.5573
4,2.6669,4,2.6268,4,2.6130
3,2.6770,5,2.6826,3,2.5876
5,2.6887,5,2.6574,3,2.5491
3,2.5426,2,2.4926,2,2.4776
3,2.5129,3,2.4821,2,2.4655
5,2.7228,5,2.6853,6,2.6271
4,2.6366,4,2.6129,4,2.5423
4,2.5896,4,2.6318,3,2.5792
4,2.6628,3,2.6480,3,2.5130
5,2.6924,5,2.7045,5,2.6625
5,2.6978,5,2.7337,6,2.5111
4,2.5097,4,2.5599,4,2.4748
5,2.5459,5,2.5278,5,2.4812
3,2.5934,3,2.6120,3,2.5092
8,2.6777,7,2.6227,7,2.5594
6,2.5905,6,2.5721,6,2.4951
3,2.5097,3,2.5205,4,2.5056
3,2.4724,4,2.4847,3,2.4752
3,2.4827,5,2.4975,3,2.4299
5,2.6348,4,2.4414,3,2.5205
3,2.4883,3,2.4981,3,2.4619
5,2.4812,5,2.4407,4,2.4300
4,2.4286,4,2.4268,4,2.4828
4,2.4828,3,2.4375,3,2.4294
4,2.4519,4,2.4184,3,2.4154
7,2.5056,6,2.4535,6,2.4393
4,2.4546,2,2.4140,3,2.4132
3,2.4551,4,2.4582,5,2.4502
3,2.4168,4,2.5048,3,2.4574
4,2.5552,4,2.6278,3,2.4946
4,2.5360,5,2.5258,4,2.5340
5,2.6412,4,2.5324,5,2.4774
3,2.5061,4,2.4891,3,2.4710
4,2.4971,4,2.5083,4,2.4519
5,2.5009,4,2.4428,4,2.4408
4,2.4838,4,2.4451,3,2.4213
3,2.4417,2,2.4383,3,2.4912
4,2.6805,4,2.5235,4,2.4641
5,2.5955,3,2.5770,5,2.5213
4,2.4531,4,2.4357,3,2.4052
5,2.5861,5,2.5714,5,2.4699
4,2.5698,4,2.5664,4,2.4886
4,2.5920,4,2.5818,4,2.5125
3,2.4183,3,2.4187,2,2.4005
3,2.4130,3,2.4001,2,2.3972
3,2.4135,2,2.4075,2,2.4195
3,2.4324,3,2.4089,2,2.3977
4,2.4779,4,2.4592,3,2.4501
4,2.5598,4,2.5582,4,2.4809
4,2.4810,3,2.4209,3,2.4129
4,2.4701,4,2.4688,3,2.4948
3,2.5197,3,2.4738,2,2.4500
5,2.6477,3,2.4282,3,2.4139
4,2.4940,3,2.4203,3,2.4068
4,2.5685,4,2.5976,4,2.4819
3,2.5105,3,2.4962,3,2.4504
4,2.4872,4,2.4854,4,2.4494
3,2.4252,5,2.8346,5,2.7850
3,2.6306,4,2.6818,3,2.6540
2,2.6292,4,2.7748,3,2.6554
4,2.8180,4,2.8356,4,2.7321
3,2.6833,4,2.6721,3,2.6399
3,2.7557,3,2.7448,3,2.6424
4,2.6891,4,2.6067,3,2.5797
4,2.6000,4,2.5974,3,2.5824
4,2.6212,4,2.5996,3,2.5787
4,2.7871,3,2.7707,4,2.7649
2,2.7997,2,2.7175,3,2.6308
4,2.7163,4,2.7102,6,2.6927
4,2.7905,4,2.7443,3,2.6036
4,2.7036,4,2.7034,4,2.6803
3,2.7277,3,2.7329,2,2.6058
3,2.5834,5,2.7061,3,2.6441
4,2.7531,4,2.7414,3,2.5963
4,2.7376,4,2.7403,3,2.6069
3,2.5955,2,2.5729,2,2.5749
3,2.6376,3,2.6057,3,2.5676
4,2.7661,5,2.7778,4,2.6576
4,2.7733,4,2.7760,4,2.6884
4,2.7029,4,2.6949,4,2.6522
4,2.7751,5,2.7760,4,2.6854
4,2.6200,3,2.6163,3,2.6257
3,2.5754,4,2.6859,4,2.6315
3,2.5968,4,2.7354,4,2.5996
4,2.7746,4,2.8088,4,2.6912
3,2.6746,4,2.6478,4,2.5859
4,2.7187,4,2.7123,4,2.6169
3,2.5724,5,2.7055,4,2.6016
3,2.5605,3,2.5601,2,2.5504
4,2.6062,3,2.5709,3,2.5414
4,2.7127,4,2.7017,4,2.6133
2,2.5411,4,2.5618,2,2.5374
4,2.6803,4,2.6757,3,2.6388
3,2.5663,3,2.6169,4,2.5879
3,2.7180,3,2.5794,3,2.5602
4,2.7490,3,2.7689,4,2.7246
5,2.7591,5,2.7719,5,2.6687
4,2.7310,4,2.6976,3,2.6078
5,2.7036,5,2.7028,5,2.6791
2,2.5781,3,2.5631,3,2.5508
4,2.6063,4,2.5860,3,2.5766
4,2.7219,4,2.7084,3,2.6082
4,2.7245,4,2.6438,5,2.3940
4,2.5682,5,2.5650,6,2.5579
3,2.4792,3,2.4853,3,2.4473
5,2.6622,6,2.6537,5,2.5768
3,2.5584,4,2.5416,3,2.4933
5,2.6211,3,2.4763,2,2.4320
4,2.5773,4,2.5672,4,2.5595
5,2.6652,5,2.6634,5,2.5768
4,2.6274,4,2.6923,3,2.5430
3,2.6766,4,2.6548,3,2.5925
2,2.5766,2,2.5687,6,2.5767
4,2.6127,4,2.6018,4,2.4900
5,2.6674,5,2.6484,5,2.5604
5,2.6042,5,2.5901,4,2.5125
3,2.4786,3,2.4818,3,2.4574
4,2.6234,4,2.6214,4,2.4798
4,2.5105,4,2.5040,3,2.4914
4,2.5093,2,2.4356,3,2.4482
4,2.5912,4,2.5922,4,2.5728
5,2.6501,4,2.6402,5,2.5656
4,2.5205,4,2.5187,4,2.4970
6,2.6873,6,2.6837,6,2.5942
3,2.6178,4,2.6108,3,2.4715
3,2.5644,4,2.5589,4,2.5393
4,2.5058,4,2.5133,3,2.4933
4,2.4942,4,2.4764,3,2.4667
4,2.5229,4,2.4739,3,2.4604
4,2.4917,3,2.4796,3,2.4557
3,2.5259,3,2.5383,4,2.5530
3,2.5403,4,2.5141,3,2.5650
3,2.5248,3,2.5136,4,2.5414
4,2.6162,4,2.6116,5,2.5906
4,2.6621,3,2.6642,3,2.5165
3,2.5411,2,2.4946,2,2.4546
5,2.5236,4,2.3361,3,2.3012
4,2.5270,4,2.4387,4,2.4353
3,2.3464,3,2.3634,3,2.3163
3,2.4957,2,2.4558,3,2.3965
4,2.4173,4,2.4103,4,2.4335
4,2.5910,5,2.5774,4,2.4538
3,2.4927,3,2.4891,4,2.4248
3,2.5044,3,2.4903,3,2.4693
3,2.6979,4,2.6261,3,2.4849
5,2.5777,5,2.5821,5,2.4738
3,2.4297,3,2.4334,3,2.3839
3,2.4896,3,2.4654,3,2.3772
3,2.4194,4,2.4208,3,2.3783
3,2.4168,3,2.4211,3,2.3833
3,2.3668,3,2.3789,2,2.3981
3,2.3739,3,2.4817,3,2.4318
3,2.4083,3,2.4096,3,2.3857
3,2.3859,4,2.5354,3,2.3968
3,2.3966,3,2.4029,4,2.4006
4,2.4165,4,2.4013,3,2.4167
2,2.3648,4,2.4335,3,2.4300
2,2.4468,4,2.5804,3,2.4102
2,2.3702,4,2.4293,4,2.3744
3,2.3844,4,2.5507,3,2.4010
5,2.5939,5,2.5889,6,2.4598
3,2.4467,4,2.4640,3,2.3847
4,2.5337,4,2.5414,3,2.4064
2,2.4285,2,2.4115,2,2.3648
2,2.3759,2,2.3671,2,2.3595
3,2.4265,3,2.3908,2,2.3613
5,2.6121,6,2.6144,5,2.4676
4,2.5656,4,2.5349,3,2.3889
3,2.5582,3,2.5633,3,2.4197
3,2.4594,3,2.4354,2,2.3797
4,2.5759,4,2.5543,5,2.4656
3,2.4279,4,2.4144,3,2.3641
3,2.5104,2,2.5114,4,2.4099
4,2.4324,3,2.4133,4,2.3820
3,2.4037,3,2.6646,3,2.4602
2,2.3700,3,2.3785,3,2.3538
2,2.3543,2,2.4833,2,2.3818
2,2.3656,3,2.4301,2,2.3548
4,2.6151,4,2.5589,3,2.4151
3,2.4296,3,2.4137,3,2.3684
4,2.5389,4,2.5546,4,2.4026
3,2.4796,2,2.3677,2,2.3870
3,2.5253,3,2.3732,3,2.3897
3,2.3919,3,2.3704,3,2.3786
3,2.4443,3,2.4144,2,2.3616
4,2.4952,4,2.4977,3,2.3669
3,2.4237,4,2.4106,3,2.3636
4,2.5135,4,2.5092,3,2.4842
2,2.5501,2,2.6305,2,2.3383
2,2.5086,2,2.3599,3,2.3292
5,2.5286,5,2.5136,4,2.3573
3,2.3461,3,2.4697,3,2.3283
4,2.5010,4,2.5038,4,2.3895
4,2.4312,4,2.5333,3,2.4493
3,2.5135,3,2.5381,3,2.4413
3,2.4839,3,2.4666,3,2.3521
3,2.5432,3,2.6692,3,2.5166
3,2.5343,3,2.5584,3,2.4124
4,2.6067,3,2.5627,3,2.7490
4,2.7615,3,2.6786,2,2.6813
3,2.8561,3,2.6911,2,2.6676
3,2.9663,5,2.9267,6,2.7991
3,2.9332,3,2.8134,4,2.8348
4,2.8796,3,2.7044,3,2.4052
6,2.6016,6,2.5682,5,2.4492
5,2.5544,4,2.5226,4,2.3782
3,2.4880,3,2.5090,3,2.4617
3,2.5237,4,2.4472,4,2.3979
3,2.4133,3,2.4057,4,2.3832
4,2.4738,4,2.4732,3,2.3623
4,2.4298,4,2.4228,4,2.3690
4,2.5300,5,2.5413,3,2.3936
4,2.4791,3,2.3491,3,2.3569
3,2.5228,4,2.5185,4,2.3577
3,2.3987,5,2.5966,6,2.4954
5,2.5821,4,2.5165,4,2.3759
4,2.4263,5,2.4342,6,2.4312
3,2.4267,4,2.4428,5,2.4018
4,2.4403,4,2.4276,3,2.3607
4,2.4415,5,2.4377,5,2.3803
3,2.4095,4,2.4031,3,2.3363
4,2.3779,6,2.5874,6,2.4273
4,2.5041,4,2.4904,3,2.3533
4,2.3814,3,2.3606,3,2.3365
3,2.3845,3,2.3508,2,2.3232
3,2.3923,3,2.3575,3,2.3407
2,2.3647,2,2.3590,1,2.3511
4,2.4530,4,2.4559,3,2.3267
4,2.4683,4,2.4846,3,2.3239
5,2.4345,3,2.3903,4,2.3609
3,2.4844,6,2.5321,4,2.3754
5,2.4794,5,2.4599,4,2.3297
4,2.3966,2,2.3736,3,2.3428
5,2.5315,3,2.4835,3,2.3477
3,2.3667,4,2.4041,3,2.3668
3,2.3697,4,2.4934,4,2.3701
3,2.3412,5,2.5542,4,2.3826
4,2.3546,4,2.5021,4,2.3687
4,2.4826,3,2.4106,3,2.3919
4,2.5100,4,2.3847,3,2.3506
4,2.5006,3,2.4388,4,2.4447
5,2.4828,5,2.4916,3,2.3700
3,2.3696,3,2.4036,3,2.3698
3,2.4036,3,2.3938,2,2.4672
3,2.3919,4,2.4846,3,2.3503
4,2.3876,4,2.4527,3,2.4920
3,2.5219,3,2.4902,2,2.5207
4,2.5255,4,2.4984,3,2.4502
3,2.5285,3,2.5316,3,2.4732
4,2.5756,5,2.5623,3,2.4040
4,2.5198,4,2.5009,3,2.3977
3,2.4153,4,2.5890,3,2.4777
4,2.5475,4,2.5133,3,2.4123
3,2.6097,3,2.5724,4,2.4321
4,2.5375,3,2.4641,3,2.3793
3,2.4179,3,2.4177,2,2.3739
5,2.4814,4,2.4948,3,2.4435
3,2.3981,5,2.4750,5,2.4652
4,2.6111,5,2.6113,3,2.4658
4,2.5597,4,2.5399,5,2.4273
5,2.6043,6,2.6119,4,2.4370
4,2.4593,5,2.4430,4,2.3834
3,2.3747,3,2.4487,4,2.4137
5,2.5572,3,2.3740,2,2.3636
6,2.4796,5,2.4689,5,2.4293
4,2.5374,3,2.3769,2,2.3570
5,2.5927,6,2.6118,6,2.4673
5,2.5706,5,2.5439,4,2.4405
3,2.4373,3,2.4069,3,2.5156
2,2.3911,2,2.3735,2,2.3972
2,2.4000,2,2.3913,2,2.3817
4,2.4572,4,2.4005,4,2.3732
3,2.4182,3,2.3965,2,2.3554
4,2.4031,4,2.3891,3,2.4191
2,2.3845,2,2.3644,3,2.3631
2,2.3908,2,2.3863,2,2.3745
5,2.5966,2,2.3805,3,2.3617
4,2.4601,4,2.4312,4,2.4049
3,2.5410,3,2.4236,2,2.4001
3,2.5660,4,2.4121,4,2.4051
3,2.4358,2,2.4168,2,2.4407
3,2.5768,3,2.4254,3,2.4479
5,2.5243,4,2.4539,5,2.4271
5,2.4953,2,2.3831,3,2.3853
4,2.4818,5,2.5106,4,2.4238
4,2.4506,4,2.4539,3,2.4622
4,2.4453,3,2.4171,3,2.3948
3,2.4735,2,2.3785,2,2.3609
4,2.4891,4,2.4680,4,2.4230
3,2.4098,4,2.4455,4,2.4149
2,2.4153,2,2.4140,3,2.4305
4,2.4999,5,2.4843,4,2.4441
3,2.4408,4,2.6004,3,2.6231
3,2.4405,4,2.4975,4,2.4534
3,2.4446,4,2.6330,4,2.7467
5,2.6176,4,2.5566,4,2.6029
3,2.4313,4,2.4463,3,2.4463
4,2.5948,4,2.5842,3,2.6850
3,2.4442,3,2.4165,3,2.4050
3,2.3912,3,2.3802,3,2.3782
4,2.4217,4,2.3928,3,2.4203
4,2.5036,3,2.4839,4,2.5082
4,2.4186,3,2.4132,3,2.4142
3,2.5353,3,2.5245,4,2.7095
4,2.6142,4,2.5939,3,2.6309
3,2.4291,2,2.4162,3,2.4188
4,2.6207,4,2.5949,3,2.6338
5,2.5879,4,2.5594,3,2.5371
5,2.6166,4,2.3926,3,2.4240
4,2.4563,3,2.3824,3,2.3912
4,2.5345,3,2.3935,3,2.3923
3,2.3966,4,2.4999,3,2.4944
3,2.4009,4,2.5421,5,2.6947
4,2.6053,4,2.3980,3,2.4454
5,2.6324,3,2.3781,3,2.3743
4,2.5019,4,2.4967,4,2.5367
4,2.5449,4,2.5644,4,2.5924
3,2.4377,3,2.6046,4,2.5999
3,2.4210,3,2.5795,3,2.5554
3,2.5405,3,2.5437,4,2.5934
4,2.4972,4,2.4915,3,2.5253
4,2.5760,4,2.5727,5,2.6467
4,2.5345,4,2.4904,4,2.5362
3,2.4897,4,2.4408,3,2.4689
3,2.5415,3,2.3565,3,2.3390
5,2.5520,4,2.5353,4,2.5549
4,2.5784,4,2.7071,3,2.6207
4,2.4627,4,2.4407,4,2.4440
4,2.5576,3,2.5385,3,2.5087
4,2.6411,4,2.6164,3,2.6284
3,2.6199,3,2.6341,4,2.6375
3,2.6454,3,2.6410,3,2.6331
5,2.6920,5,2.6517,4,2.7385
3,2.6506,3,2.6032,3,2.6546
4,2.6423,4,2.6826,4,2.5778
4,2.6443,4,2.6935,4,2.6675
4,2.6383,4,2.6130,3,2.7209
4,2.5783,4,2.5795,4,2.5522
3,2.6113,5,2.6544,4,2.6419
3,2.5315,3,2.5294,4,2.5486
4,2.5828,4,2.5859,4,2.6249
3,2.4090,3,2.5120,3,2.5172
4,2.4146,4,2.5571,4,2.5424
5,2.6115,5,2.5627,4,2.6664
4,2.5249,4,2.5368,4,2.5523
5,2.5826,4,2.5716,4,2.6136
4,2.4380,4,2.4733,4,2.7226
3,2.4612,3,2.4652,4,2.7520
4,2.5373,3,2.3989,3,2.3783
3,2.4165,3,2.3635,3,2.3775
3,2.5257,3,2.4615,3,2.5226
6,2.6926,5,2.6713,5,2.7124
6,2.7232,4,2.4978,4,2.5011
3,2.6391,3,2.6568,3,2.5234
5,2.7425,4,2.6188,4,2.6423
4,2.5666,4,2.5486,3,2.5263
4,2.5162,4,2.5183,3,2.5482
5,2.5738,5,2.5668,5,2.6042
4,2.5031,4,2.3989,3,2.3900
4,2.5279,4,2.3957,4,2.3862
2,2.3758,4,2.4636,3,2.4780
4,2.4323,4,2.3969,4,2.3983
3,2.4067,3,2.3954,3,2.4001
3,2.4058,3,2.3715,3,2.3915
4,2.5446,4,2.5299,3,2.5156
4,2.5424,4,2.5653,4,2.6001
3,2.6571,4,2.6149,4,2.7340
4,2.6644,5,2.6930,5,2.7304
5,2.5165,5,2.5235,5,2.5251
4,2.5214,4,2.5215,4,2.6606
5,2.5260,3,2.3639,3,2.4744
4,2.4828,4,2.6285,4,2.5990
4,2.5911,4,2.5555,4,2.5080
4,2.5302,4,2.5321,4,2.7032
3,2.4078,3,2.5187,3,2.5223
3,2.4118,5,2.5397,4,2.5438
5,2.6249,3,2.4115,3,2.3889
4,2.5343,4,2.5330,5,2.6060
4,2.6153,5,2.6752,4,2.7383
4,2.5565,3,2.5583,3,2.5289
4,2.5832,5,2.5839,5,2.7063
5,2.5639,5,2.5848,5,2.6155
4,2.5438,4,2.5251,4,2.5506
4,2.6343,5,2.5945,3,2.5849
4,2.4769,4,2.4606,4,2.6822
3,2.4639,4,2.4798,3,2.5094
3,2.4684,4,2.4781,3,2.4887
4,2.4864,3,2.3635,3,2.3825
3,2.4420,3,2.4233,3,2.6766
3,2.3821,3,2.3762,3,2.3802
3,2.4397,3,2.3650,3,2.6622
3,2.4615,3,2.4273,3,2.4896
4,2.4478,4,2.4568,4,2.6696
4,2.4470,5,2.5107,4,2.5240
3,2.4032,3,2.3844,3,2.3776
4,2.3868,4,2.4064,4,2.3970
5,2.4876,5,2.4631,5,2.4670
3,2.3615,5,2.4478,4,2.4633
4,2.5303,4,2.6611,4,2.6112
3,2.4356,5,2.4373,3,2.6740
2,2.3905,4,2.4719,3,2.5953
3,2.3768,4,2.3867,3,2.4177
3,2.3782,3,2.4147,3,2.4835
4,2.4745,4,2.4909,6,2.7058
3,2.3916,4,2.3791,3,2.4241
3,2.4281,3,2.4254,4,2.7012
2,2.4002,1,2.4614,4,2.4772
2,2.4233,2,2.4261,4,2.6392
2,2.6075,2,2.5361,3,2.6268
3,2.4872,3,2.5324,3,2.6406
3,2.4926,6,2.5315,3,2.5364
4,2.4935,4,2.5713,4,2.6664
4,2.4881,4,2.4450,5,2.4175
3,2.3854,5,2.4030,3,2.5264
3,2.5241,5,2.5415,4,2.6945
5,2.5032,5,2.5158,4,2.5765
3,2.4465,5,2.5243,4,2.6436
2,2.4332,3,2.4802,3,2.5493
5,2.5080,5,2.5065,7,2.7389
4,2.4768,4,2.4793,4,2.5651
3,2.4131,2,2.3919,5,2.4345
3,2.3958,3,2.3935,4,2.4028
6,2.4941,5,2.4485,6,2.6742
4,2.4358,4,2.4308,6,2.5589
4,2.4401,4,2.4406,4,2.5336
4,2.4000,3,2.4713,3,2.5801
3,2.6456,4,2.5492,4,2.7741
6,2.5423,5,2.5654,7,2.7976
4,2.6092,4,2.6528,6,2.6482
5,2.5409,3,2.4513,3,2.4800
4,2.4844,3,2.6363,3,2.6987
5,2.7333,3,2.6710,4,2.7216
4,2.7269,3,2.6715,3,2.6820
4,2.7335,3,2.6744,3,2.6915
4,2.7337,4,2.7282,5,2.9606
4,2.7229,4,2.7217,5,2.9136
4,2.6726,4,2.6777,3,2.8108
4,2.7564,4,2.7535,4,2.9988
3,2.7114,4,2.6960,5,2.7446
4,2.7278,4,2.7208,5,2.8039
4,2.6653,3,2.6531,6,2.7205
2,2.6612,2,2.6394,2,2.6458
3,2.6679,2,2.6474,4,2.6600
3,2.6595,4,2.6389,4,2.7678
3,2.6710,3,2.6452,3,2.6725
3,2.7454,2,2.6748,3,2.7678
2,2.6440,3,2.6884,4,2.7788
3,2.7004,3,2.7074,4,3.0486
4,2.6958,3,2.6712,4,2.7826
3,2.6528,3,2.6401,3,2.6882
3,2.6873,3,2.6700,3,2.9511
3,2.6365,4,2.6722,3,2.7856
3,2.6374,4,2.6880,3,2.9015
4,2.7611,6,2.7640,5,2.8840
3,2.6925,4,2.6950,4,2.7729
1,2.6281,2,2.6075,3,2.6187
3,2.6522,4,2.6789,4,2.7958
3,2.6443,3,2.6227,3,2.6618
4,2.6520,4,2.6365,4,2.9073
6,2.6957,6,2.7147,8,2.9644
5,2.6839,5,2.6719,5,2.7755
3,2.5924,4,2.6062,3,2.6967
5,2.6451,4,2.6318,4,2.7293
3,2.6322,3,2.5524,6,2.6618
4,2.3902,3,2.4154,5,2.4679
3,2.3636,4,2.4198,4,2.5415
4,2.3472,4,2.3240,5,2.7015
6,2.5298,6,2.4464,8,2.6798
4,2.3621,6,2.3805,4,2.4541
3,2.3029,3,2.2901,3,2.2922
3,2.3138,3,2.2982,2,2.3881
4,2.3635,4,2.3368,5,2.4418
4,2.4008,4,2.3954,5,2.5261
4,2.3137,4,2.3858,5,2.6708
3,2.3157,4,2.3492,6,2.5436
3,2.4562,4,2.3860,4,2.5556
3,2.3490,4,2.3755,4,2.4707
3,2.3731,3,2.3532,3,2.5047
3,2.3757,5,2.4027,3,2.4572
4,2.4291,3,2.3768,5,2.6105
4,2.3412,3,2.3534,3,2.3815
3,2.3691,3,2.3723,4,2.4644
4,2.3549,4,2.3805,5,2.6421
3,2.3375,4,2.3560,3,2.3691
3,2.3396,3,2.3923,5,2.4557
2,2.3323,2,2.3389,2,2.3482
2,2.3424,2,2.3695,3,2.3262
5,2.4444,5,2.4432,5,2.6252
4,2.3496,4,2.3509,4,2.3947
4,2.3957,4,2.4017,4,2.4763
4,2.4006,3,2.3849,3,2.4854
4,2.4054,3,2.3997,3,2.5351
3,2.3983,2,2.3759,3,2.7430
4,2.4790,3,2.3821,3,2.4742
4,2.4968,4,2.4721,5,2.6638
4,2.5383,4,2.5334,4,2.5492
3,2.4913,4,2.4481,3,2.5718
3,2.4356,2,2.4032,2,2.3836
3,2.5192,3,2.4375,3,2.4315
2,2.4242,2,2.4262,2,2.4247
4,2.4676,3,2.4721,4,2.5501
4,2.4409,4,2.4493,5,2.6800
4,2.4573,4,2.4230,3,2.5357
4,2.5026,4,2.4975,4,2.5700
4,2.4764,5,2.4692,4,2.6557
3,2.4850,4,2.5470,5,2.5565
3,2.5416,4,2.4979,4,2.5178
5,2.5015,6,2.5495,6,2.6834
3,2.3944,2,2.3633,3,2.3676
4,2.4243,2,2.3660,3,2.3899
5,2.4632,3,2.3625,3,2.3747
3,2.4131,3,2.4173,3,2.4840
3,2.4129,4,2.4106,4,2.5046
3,2.3710,3,2.3708,3,2.4059
3,2.4123,3,2.4313,3,2.6740
4,2.3982,5,2.4674,6,2.6632
3,2.3748,3,2.3851,3,2.4121
4,2.4325,5,2.4360,4,2.4978
6,2.4828,6,2.4863,6,2.6730
5,2.4720,5,2.4653,6,2.5690
4,2.3933,2,2.3663,2,2.3922
4,2.4610,6,2.5152,5,2.7000
5,2.4465,3,2.4186,5,2.5389
3,2.4317,3,2.3966,4,2.6977
5,2.4858,5,2.4814,4,2.6263
4,2.4757,5,2.4864,4,2.5357
3,2.4025,3,2.3842,4,2.4863
2,2.3697,4,2.4222,3,2.4963
2,2.3803,4,2.4190,3,2.5137
4,2.4497,4,2.4337,4,2.5341
3,2.4293,3,2.3975,4,2.4310
3,2.3975,3,2.4296,3,2.7512
3,2.5206,4,2.4434,4,2.5436
3,2.4131,3,2.4224,4,2.6043
3,2.4357,4,2.4420,4,2.5265
4,2.4373,4,2.4254,3,2.5850
3,2.3867,3,2.3823,4,2.4951
3,2.4160,3,2.4177,4,2.7128
4,2.4254,2,2.3642,2,2.3886
3,2.4216,2,2.3816,2,2.3733
4,2.4446,2,2.3842,3,2.4184
4,2.4464,4,2.4282,4,2.5184
4,2.4586,4,2.4444,5,2.6320
3,2.4224,2,2.3864,3,2.4290
3,2.4261,4,2.4267,5,2.7072
2,2.3830,4,2.4260,5,2.7236
2,2.3897,3,2.4219,4,2.5054
4,2.4410,3,2.3900,3,2.4329
4,2.4587,4,2.4335,3,2.6889
4,2.4307,4,2.5009,3,2.7288
4,2.4806,3,2.4996,4,2.8633
4,2.5363,5,2.7356,4,2.9486
2,2.4657,2,2.4310,3,2.5399
4,2.5352,3,2.4601,4,2.7844
3,2.4225,4,2.4281,5,2.7296
3,2.4049,5,2.5649,4,2.6120
3,2.3951,3,2.4041,4,2.4428
3,2.4180,3,2.5419,4,2.7034
5,2.5565,5,2.5592,4,2.6642
3,2.4208,3,2.4007,4,2.4522
3,2.5598,3,2.5547,3,2.6767
3,2.4522,3,2.4068,2,2.4004
3,2.3889,3,2.3822,2,2.3838
3,2.3921,3,2.3654,3,2.3885
3,2.5054,3,2.5005,4,2.5888
3,2.5275,4,2.5739,4,2.6234
3,2.4464,4,2.4552,4,2.5495
3,2.3890,4,2.4176,3,2.4210
4,2.5773,4,2.5747,4,2.6588
5,2.5911,6,2.5981,4,2.7138
4,2.4238,3,2.4062,4,2.4265
4,2.6632,4,2.6725,4,2.8258
4,2.5853,3,2.5612,4,2.6663
3,2.6407,3,2.7193,5,2.7666
4,2.7019,4,2.6662,4,2.7920
4,2.5349,3,2.5225,4,2.5673
3,2.6071,3,2.7368,3,2.7039
4,2.7721,6,2.7351,3,2.8351
3,2.6652,3,2.6377,3,2.6685
5,2.7689,5,2.7365,4,2.6818
4,2.5826,4,2.5299,4,2.5637
3,2.4090,4,2.3936,3,2.4653
3,2.4808,3,2.4734,5,2.6564
4,2.4564,2,2.3471,3,2.3564
4,2.4259,3,2.4104,5,2.5210
3,2.3704,3,2.3756,3,2.3905
4,2.5094,5,2.5265,4,2.6647
5,2.5145,5,2.5139,5,2.6494
3,2.4478,4,2.4531,4,2.5187
5,2.5143,5,2.5170,5,2.6499
4,2.4558,3,2.4536,4,2.5117
3,2.4245,3,2.3514,3,2.3673
3,2.4931,3,2.3498,3,2.3542
3,2.3568,2,2.3474,2,2.3428
3,2.3547,2,2.3450,2,2.3473
2,2.3541,3,2.3489,3,2.3442
3,2.5274,4,2.5110,5,2.5669
4,2.3751,4,2.3575,3,2.3627
3,2.3563,3,2.3468,2,2.3451
4,2.4201,4,2.4194,5,2.5220
4,2.4940,4,2.5135,4,2.5474
4,2.4112,4,2.4168,4,2.5137
4,2.5307,4,2.5079,5,2.5549
4,2.4162,3,2.3384,4,2.3502
5,2.5213,3,2.3396,3,2.3436
4,2.4335,5,2.4387,5,2.5091
3,2.3734,3,2.4855,4,2.6602
4,2.5139,3,2.5006,4,2.6674
3,2.4837,4,2.5125,4,2.6723
4,2.5060,4,2.4690,6,2.6401
4,2.3776,4,2.3616,4,2.4006
4,2.4278,3,2.4294,4,2.4679
4,2.4893,5,2.5126,5,2.6841
3,2.4268,3,2.4165,3,2.4817
4,2.5359,3,2.5106,3,2.5025
4,2.4222,4,2.4126,4,2.4772
5,2.5309,4,2.4942,4,2.4959
5,2.5080,3,2.3416,4,2.3579
5,2.4384,3,2.3439,3,2.3514
3,2.4146,4,2.4153,4,2.5152
5,2.5250,4,2.5064,4,2.5502
3,2.3942,3,2.3534,4,2.3708
3,2.4765,4,2.5146,3,2.6234
3,2.3636,4,2.5146,4,2.6277
5,2.5056,5,2.5034,5,2.6662
4,2.4995,4,2.5091,5,2.6655
3,2.3391,3,2.3345,3,2.3357
2,2.4035,3,2.4032,4,2.4710
3,2.3692,3,2.3716,3,2.3841
4,2.4997,3,2.4891,4,2.6320
5,2.5009,5,2.4946,4,2.6257
3,2.3728,3,2.3678,5,2.4091
4,2.5004,4,2.5084,3,2.6237
4,2.3698,2,2.3512,4,2.3654
2,2.3489,2,2.3432,4,2.3523
2,2.3504,2,2.3415,3,2.3488
3,2.4113,3,2.4175,3,2.5089
4,2.3745,4,2.3727,3,2.3864
3,2.4871,4,2.5102,4,2.6292
4,2.4725,4,2.4721,3,2.5593
3,2.4212,3,2.4254,3,2.4655
4,2.4703,5,2.5020,4,2.6193
3,2.3485,3,2.3673,4,2.4100
4,2.4981,3,2.3425,3,2.3483
4,2.5047,4,2.4677,4,2.6223
5,2.5240,5,2.5155,4,2.5026
4,2.5065,4,2.5233,3,2.6221
4,2.4136,4,2.4228,3,2.4670
4,2.5305,4,2.5218,4,2.5013
4,2.5085,4,2.4918,4,2.5707
4,2.4248,4,2.4433,4,2.4799
3,2.3466,3,2.3363,2,2.3444
3,2.3462,2,2.3291,2,2.3339
2,2.3429,2,2.3226,2,2.3237
5,2.4972,5,2.4936,4,2.5556
3,2.4093,5,2.4314,5,2.4683
2,2.3316,2,2.3268,3,2.3314
3,2.3400,3,2.3322,3,2.3401
4,2.4969,5,2.4958,4,2.5597
4,2.4306,4,2.4272,3,2.4565
3,2.3973,4,2.3984,4,2.4633
5,2.5156,3,2.4836,3,2.4849
4,2.4110,4,2.4084,4,2.5041
4,2.5165,4,2.5126,4,2.4979
4,2.4165,4,2.4125,4,2.5057
4,2.4936,4,2.5084,4,2.5005
4,2.4968,4,2.4681,5,2.5702
3,2.3732,3,2.3674,3,2.3866
4,2.4291,4,2.4230,3,2.4536
3,2.3479,4,2.3817,5,2.4849
4,2.5058,4,2.4922,5,2.6695
4,2.3945,3,2.3695,4,2.4742
3,2.3459,3,2.3368,3,2.3322
3,2.3392,3,2.3316,3,2.3323
3,2.4050,5,2.4160,4,2.5050
4,2.5147,4,2.5066,3,2.4786
3,2.3374,2,2.3228,3,2.3277
3,2.4547,4,2.4581,4,2.5488
3,2.4103,4,2.4140,4,2.4609
5,2.5072,5,2.5121,5,2.6668
4,2.3732,3,2.3345,3,2.3612
5,2.5038,4,2.5167,2,2.6173
4,2.4766,4,2.5143,3,2.6497
5,2.5145,4,2.4866,6,2.6664
3,2.3394,2,2.3340,3,2.3356
5,2.5165,5,2.4903,3,2.6220
3,2.3621,4,2.5158,5,2.6652
4,2.4655,5,2.4955,4,2.6231
3,2.3580,3,2.3608,4,2.3977
3,2.4841,3,2.4790,3,2.6129
6,2.5163,4,2.4925,4,2.6413
4,2.4927,5,2.4949,5,2.6601
4,2.4943,5,2.4979,3,2.6157
3,2.3414,3,2.3340,3,2.3379
3,2.4485,3,2.3276,3,2.3498
4,2.3636,2,2.3261,3,2.3310
3,2.4804,4,2.4979,4,2.6179
4,2.4807,5,2.5031,3,2.6178
4,2.5018,4,2.4785,6,2.6595
3,2.4554,3,2.4630,4,2.6115
4,2.4607,3,2.4679,5,2.6598
3,2.3708,3,2.3661,4,2.4738
4,2.3588,3,2.5086,4,2.6459
6,2.5133,4,2.4847,4,2.6456
4,2.4673,5,2.5192,4,2.6236
4,2.3800,4,2.3704,5,2.4754
4,2.4675,5,2.4928,4,2.6408
3,2.4584,4,2.4733,4,2.6495
5,2.4975,4,2.4579,5,2.6189
4,2.5086,3,2.4921,4,2.4936
4,2.4733,5,2.5155,4,2.6481
4,2.5007,5,2.5174,3,2.6215
4,2.3840,3,2.3638,4,2.4711
4,2.4615,5,2.4922,5,2.6152
4,2.4277,4,2.4284,5,2.5003
2,2.3537,4,2.4892,3,2.5615
2,2.3450,3,2.3646,3,2.3791
3,2.3463,3,2.4109,4,2.4461
4,2.4863,5,2.4936,6,2.6619
3,2.3636,3,2.3670,3,2.3808
3,2.4153,3,2.4154,4,2.4551
2,2.3635,4,2.3444,3,2.3553
4,2.3423,4,2.3377,3,2.3475
3,2.3492,3,2.3412,3,2.3429
4,2.4639,4,2.4622,4,2.5532
3,2.4147,3,2.4166,4,2.4660
4,2.4826,3,2.3340,4,2.3571
3,2.3662,3,2.3331,3,2.3364
3,2.4917,4,2.5102,4,2.6498
5,2.5027,3,2.3435,3,2.3513
4,2.3645,4,2.3656,4,2.3975
3,2.4874,4,2.5012,3,2.6144
5,2.4966,5,2.4947,4,2.5581
3,2.4144,5,2.4348,3,2.4658
3,2.3500,5,2.4874,4,2.5612
3,2.3483,4,2.4345,4,2.4557
3,2.4557,3,2.4498,4,2.5455
3,2.4097,2,2.4144,4,2.4620
2,2.3287,3,2.3368,2,2.3345
2,2.3387,2,2.3281,3,2.3353
4,2.4733,4,2.4810,5,2.6472
4,2.4281,5,2.4262,5,2.4935
6,2.4941,6,2.4910,7,2.6593
4,2.3575,4,2.3637,3,2.3709
4,2.4850,4,2.4961,3,2.6075
3,2.3363,4,2.4013,4,2.4646
2,2.3504,2,2.4778,3,2.4853
3,2.3508,3,2.4805,4,2.4814
3,2.3390,4,2.4680,7,2.6588
3,2.3409,5,2.4261,4,2.4902
3,2.3366,2,2.3230,2,2.3220
3,2.3454,4,2.3367,3,2.3445
3,2.3411,3,2.3260,2,2.3227
4,2.4196,4,2.4146,5,2.5114
4,2.5020,4,2.5117,4,2.5298
4,2.4426,4,2.4205,3,2.4729
3,2.4961,4,2.5181,4,2.5271
6,2.4992,5,2.4940,5,2.5568
4,2.4248,3,2.3293,3,2.3365
5,2.4906,3,2.4508,6,2.6625
5,2.4380,5,2.4393,4,2.4962
3,2.4560,3,2.4577,7,2.6741
4,2.3700,4,2.3700,3,2.3789
3,2.4870,4,2.5035,5,2.6462
5,2.4264,4,2.4092,5,2.5059
4,2.3552,4,2.3625,4,2.3962
4,2.4801,5,2.4990,4,2.6324
3,2.4702,4,2.4999,3,2.6300
4,2.4099,4,2.4226,4,2.4625
4,2.4248,4,2.4142,3,2.4835
4,2.4203,4,2.4167,4,2.4934
4,2.4816,4,2.5006,5,2.6482
4,2.4837,4,2.5063,4,2.4876
5,2.4766,5,2.4881,6,2.6523
4,2.4223,4,2.4174,5,2.4944
3,2.3821,2,2.3571,3,2.4682
3,2.3785,4,2.3735,5,2.4866
5,2.4325,3,2.3956,4,2.4619
4,2.4943,5,2.5221,5,2.5266
4,2.3928,4,2.3839,5,2.4882
3,2.3769,3,2.3346,3,2.3501
4,2.4711,4,2.5104,4,2.7017
3,2.4965,5,2.5216,4,2.6758
5,2.4940,5,2.4825,5,2.6417
3,2.3464,3,2.4292,5,2.5036
3,2.3632,5,2.5198,4,2.6184
4,2.4711,3,2.3335,3,2.3442
2,2.3347,3,2.3369,3,2.3404
3,2.3488,3,2.3335,3,2.3439
4,2.4315,3,2.4018,5,2.5150
3,2.3592,5,2.4283,3,2.4801
3,2.3514,2,2.3703,4,2.4095
3,2.3583,3,2.4814,4,2.6197
3,2.3776,2,2.3381,4,2.3646
4,2.3853,3,2.3646,4,2.4846
4,2.4803,5,2.5249,4,2.6195
3,2.4459,6,2.4887,4,2.6057
3,2.4823,4,2.5028,4,2.5139
3,2.3665,4,2.5198,4,2.6753
4,2.3805,3,2.3630,4,2.4702
2,2.3355,4,2.3721,5,2.4797
3,2.3657,5,2.3765,6,2.4821
5,2.3880,4,2.3728,5,2.4788
4,2.3590,5,2.5136,5,2.6768
2,2.4743,5,2.5010,4,2.5062
4,2.4852,5,2.5035,5,2.5162
3,2.4709,5,2.4985,4,2.6408
3,2.3399,3,2.3301,3,2.3402
4,2.4805,3,2.5038,4,2.5162
5,2.4964,5,2.5070,5,2.5201
4,2.4728,3,2.4740,4,2.6813
4,2.3679,5,2.4959,5,2.5677
3,2.3389,4,2.3602,3,2.3744
3,2.3641,3,2.4885,4,2.6368
5,2.5036,5,2.5058,4,2.6139
3,2.3573,3,2.3494,3,2.3753
4,2.4871,4,2.4938,3,2.6211
3,2.3591,2,2.3341,3,2.3464
3,2.3438,3,2.3388,4,2.3425
3,2.3330,3,2.3375,3,2.3432
3,2.4584,3,2.4596,3,2.5503
3,2.4184,3,2.4156,3,2.4617
4,2.4760,4,2.4893,4,2.6146
3,2.3530,4,2.4284,5,2.5085
3,2.4639,5,2.5012,5,2.6180
3,2.4899,4,2.5051,4,2.5196
4,2.4974,4,2.4970,4,2.6427
3,2.3549,3,2.3690,4,2.4059
4,2.4884,4,2.4910,4,2.6445
3,2.4546,4,2.4618,4,2.5570
4,2.4259,3,2.4122,4,2.4685
5,2.4989,5,2.4935,5,2.6522
3,2.4206,4,2.4332,4,2.4730
2,2.3472,3,2.4101,3,2.4732
3,2.3466,3,2.3646,3,2.3785
4,2.3838,4,2.4963,4,2.6438
3,2.3636,5,2.5211,4,2.6741
5,2.4872,6,2.5061,4,2.5576
3,2.3697,4,2.3641,4,2.3816
3,2.4180,3,2.4183,4,2.4572
6,2.5117,6,2.5119,5,2.6241
3,2.4827,4,2.5088,5,2.5255
4,2.5070,3,2.3379,3,2.3419
5,2.4975,5,2.4949,5,2.6537
4,2.3534,5,2.4374,5,2.5101
3,2.4067,4,2.4164,4,2.5036
5,2.5093,4,2.5065,5,2.5248
4,2.4856,5,2.5045,4,2.5587
4,2.4200,4,2.4276,5,2.5061
4,2.4291,4,2.4212,4,2.4968
3,2.4837,4,2.5094,3,2.5241
3,2.4038,4,2.4090,3,2.4749
4,2.5045,3,2.4881,3,2.4813
3,2.3988,3,2.3983,4,2.4686
4,2.5044,3,2.4864,3,2.4812
3,2.3805,4,2.3709,4,2.4749
3,2.3502,4,2.4914,4,2.5617
3,2.3575,3,2.4865,4,2.4898
4,2.4831,6,2.5007,4,2.5657
3,2.3625,3,2.4944,3,2.4977
3,2.4680,3,2.4590,6,2.6500
4,2.4241,5,2.4293,5,2.5015
4,2.4212,3,2.3961,4,2.5121
3,2.3547,4,2.3589,5,2.3987
4,2.4842,4,2.4915,5,2.6429
4,2.3547,3,2.3330,4,2.3424
3,2.3395,2,2.3250,3,2.3253
3,2.4604,3,2.4776,3,2.6736
3,2.3520,3,2.3440,4,2.3576
2,2.3461,2,2.3375,3,2.3351
3,2.4234,3,2.4007,5,2.5203
4,2.4885,4,2.5009,4,2.5218
3,2.3706,4,2.5420,3,2.6992
4,2.5056,4,2.4962,3,2.5662
4,2.5428,2,2.4468,3,2.4567
4,2.6153,2,2.4400,3,2.4447
4,2.6132,5,2.6129,5,2.7595
4,2.5217,3,2.5118,4,2.5964
4,2.5719,4,2.5841,4,2.7782
6,2.5972,5,2.5999,6,2.7525
4,2.5140,4,2.5123,4,2.5906
3,2.4355,3,2.4261,3,2.4338
2,2.4258,2,2.4199,3,2.4213
3,2.4254,2,2.4134,2,2.4126
3,2.5731,4,2.5930,4,2.7346
4,2.5931,5,2.6035,4,2.6119
3,2.5740,5,2.6022,4,2.6085
5,2.5120,4,2.4967,5,2.5538
4,2.5742,4,2.5817,4,2.7436
4,2.5608,4,2.5651,4,2.7913
4,2.5654,3,2.5587,6,2.8178
3,2.5494,4,2.5997,4,2.7691
4,2.5616,3,2.5613,6,2.8144
4,2.5567,4,2.5675,3,2.6985
4,2.5497,5,2.6049,5,2.7897
4,2.5451,5,2.6045,5,2.7862
3,2.4094,3,2.4035,3,2.3997
3,2.5658,3,2.5567,5,2.7850
4,2.5479,3,2.4013,3,2.4087
4,2.5532,5,2.5969,3,2.6895
4,2.4303,5,2.5871,6,2.7862
4,2.4884,5,2.4778,5,2.5863
3,2.4214,3,2.4221,4,2.4602
4,2.5479,3,2.5481,3,2.6870
4,2.5410,5,2.5627,5,2.6236
5,2.5720,5,2.5613,3,2.5473
4,2.5329,5,2.5696,5,2.7361
4,2.5383,4,2.5295,4,2.7466
4,2.5355,4,2.5802,4,2.7376
5,2.5323,5,2.5768,3,2.6681
4,2.4129,3,2.5618,4,2.6732
4,2.5187,2,2.5667,4,2.7331
3,2.5257,4,2.5578,3,2.6804
4,2.5533,3,2.3904,3,2.4071
3,2.3900,2,2.3773,3,2.3829
3,2.4080,5,2.5665,6,2.7834
2,2.3839,3,2.4059,4,2.4521
3,2.3901,4,2.4589,4,2.5268
4,2.4116,4,2.5456,3,2.5381
5,2.5372,4,2.5348,5,2.7700
3,2.5353,5,2.5816,7,2.7941
4,2.5406,4,2.5266,6,2.7709
3,2.3861,4,2.4173,3,2.4874
4,2.5481,3,2.5387,5,2.6001
3,2.4210,3,2.6318,3,2.7584
5,2.6354,4,2.6717,3,2.6973
5,2.5558,5,2.5798,3,2.6815
4,2.5353,5,2.5868,6,2.7898
5,2.5682,3,2.4955,3,2.4855
3,2.5172,3,2.4340,4,2.5522
4,2.6702,5,2.6590,5,2.9515